Record_Number,Listing_ID,Property_Title,Property_Type,Configuration,Price_2025_INR,Price_in_Lakhs_INR,Area_sqft,Bedrooms,Bathrooms,Price_per_Sqft,Locality,City,Zone,Builder_Owner,Construction_Status,RERA_Status,Facing,Furnishing,Price_2016_INR,Price_2017_INR,Price_2018_INR,Price_2019_INR,Price_2020_INR,Price_2021_INR,Price_2022_INR,Price_2023_INR,Price_2024_INR
1,1786023688-1,Prestige Group Grand Greens,2 BHK Flat,2 BHK,9350000.0,93.5,1154.0,2,2,8102.0,Whitefield,Bangalore,South,Prestige Group,Ready To Move,Yes,East,Unfurnished,5610000.0,6077500.0,6545000.0,7012500.0,7480000.0,7947500.0,8415000.0,8882500.0,9163000.0
2,1786023688-2,DLF Limited Emerald Estate,3 BHK Flat,3 BHK,13850000.0,138.5,1498.0,3,3,9246.0,Koramangala,Bangalore,North,DLF Limited,Ready To Move,Yes,North-East,Semi-Furnished,8310000.0,9002500.0,9695000.0,10387500.0,11080000.0,11772500.0,12465000.0,13157500.0,13573000.0
3,1786023688-3,Godrej Properties Serene Heights,4 BHK Flat,4 BHK,17980000.0,179.8,1882.0,4,4,9554.0,Indiranagar,Bangalore,South,Godrej Properties,Ready To Move,Yes,North,Fully-Furnished,10788000.0,11687000.0,12586000.0,13485000.0,14384000.0,15283000.0,16182000.0,17081000.0,17620400.0
4,1786023688-4,Sobha Limited Skyline Villas,5 BHK Villa,5 BHK,18740000.0,187.4,2362.0,5,4,7934.0,HSR Layout,Bangalore,West,Sobha Limited,Ready To Move,Yes,North,Fully-Furnished,11244000.0,12181000.0,13118000.0,14055000.0,14992000.0,15929000.0,16866000.0,17803000.0,18365200.0
5,1786023688-5,Oberoi Realty Imperia Towers,1 BHK Flat,1 BHK,3770000.0,37.7,551.0,1,1,6842.0,Electronic City,Bangalore,South,Oberoi Realty,Ready To Move,Yes,East,Unfurnished,2262000.0,2450500.0,2639000.0,2827500.0,3016000.0,3204500.0,3393000.0,3581500.0,3694600.0
6,1786023688-6,Hiranandani Group Elegance Park,2 BHK Flat,2 BHK,8190000.0,81.9,1158.0,2,2,7073.0,Hebbal,Bangalore,Central,Hiranandani Group,Under Construction,Yes,North,Unfurnished,4914000.0,5323500.0,5733000.0,6142500.0,6552000.0,6961500.0,7371000.0,7780500.0,8026200.0
7,1786023688-7,Lodha Group Urban Court,3 BHK Flat,3 BHK,12740000.0,127.4,1482.0,3,3,8596.0,Yelahanka,Bangalore,West,Lodha Group,Ready To Move,Yes,East,Unfurnished,7644000.0,8281000.0,8918000.0,9555000.0,10192000.0,10829000.0,11466000.0,12103000.0,12485200.0
8,1786023688-8,Aparna Constructions Central Gardens,4 BHK Flat,4 BHK,14960000.0,149.6,2028.0,4,4,7377.0,Sarjapur Road,Bangalore,North,Aparna Constructions,Under Construction,Yes,West,Semi-Furnished,8976000.0,9724000.0,10472000.0,11220000.0,11968000.0,12716000.0,13464000.0,14212000.0,14660800.0
9,1786023688-9,Brigade Group Valley Haven,5 BHK Villa,5 BHK,19780000.0,197.8,2455.0,5,4,8057.0,Bellandur,Bangalore,West,Brigade Group,Ready To Move,Yes,North,Fully-Furnished,11868000.0,12857000.0,13846000.0,14835000.0,15824000.0,16813000.0,17802000.0,18791000.0,19384400.0
10,1786023688-10,Puravankara Heights Enclave,1 BHK Flat,1 BHK,4470000.0,44.7,655.0,1,1,6824.0,Thanisandra,Bangalore,South,Puravankara,Under Construction,Yes,West,Unfurnished,2682000.0,2905500.0,3129000.0,3352500.0,3576000.0,3799500.0,4023000.0,4246500.0,4380600.0
11,1786023688-11,Rustomjee Palms Square,2 BHK Flat,2 BHK,9960000.0,99.6,1158.0,2,2,8601.0,Marathahalli,Bangalore,Central,Rustomjee,Ready To Move,Yes,North-East,Semi-Furnished,5976000.0,6474000.0,6972000.0,7470000.0,7968000.0,8466000.0,8964000.0,9462000.0,9760800.0
12,1786023688-12,Tata Housing Vista Plaza,3 BHK Flat,3 BHK,14620000.0,146.2,1443.0,3,3,10132.0,Jayanagar,Bangalore,East,Tata Housing,Ready To Move,Yes,North-East,Fully-Furnished,8772000.0,9503000.0,10234000.0,10965000.0,11696000.0,12427000.0,13158000.0,13889000.0,14327600.0
13,1786023688-13,Mahindra Lifespaces Avenue Terraces,4 BHK Flat,4 BHK,18450000.0,184.5,2009.0,4,4,9184.0,Rajajinagar,Bangalore,East,Mahindra Lifespaces,Ready To Move,Yes,West,Semi-Furnished,11070000.0,11992500.0,12915000.0,13837500.0,14760000.0,15682500.0,16605000.0,17527500.0,18081000.0
14,1786023688-14,Casagrand Oasis Residences,5 BHK Villa,5 BHK,19190000.0,191.9,2355.0,5,4,8149.0,Banashankari,Bangalore,East,Casagrand,Ready To Move,Yes,North,Semi-Furnished,11514000.0,12473500.0,13433000.0,14392500.0,15352000.0,16311500.0,17271000.0,18230500.0,18806200.0
15,1786023688-15,Kolte-Patil Solitaire Greens,1 BHK Flat,1 BHK,4950000.0,49.5,501.0,1,1,9880.0,Malleshwaram,Bangalore,East,Kolte-Patil,Ready To Move,Yes,West,Semi-Furnished,2970000.0,3217500.0,3465000.0,3712500.0,3960000.0,4207500.0,4455000.0,4702500.0,4851000.0
16,1786023688-16,Piramal Realty Signature Estate,2 BHK Flat,2 BHK,10790000.0,107.9,1199.0,2,2,8999.0,Kaggadasapura,Bangalore,West,Piramal Realty,Ready To Move,Yes,North,Unfurnished,6474000.0,7013500.0,7553000.0,8092500.0,8632000.0,9171500.0,9711000.0,10250500.0,10574200.0
17,1786023688-17,Prestige Group Crown Heights,3 BHK Flat,3 BHK,10610000.0,106.1,1509.0,3,3,7031.0,BTM Layout,Bangalore,Central,Prestige Group,Under Construction,Yes,East,Semi-Furnished,6366000.0,6896500.0,7427000.0,7957500.0,8488000.0,9018500.0,9549000.0,10079500.0,10397800.0
18,1786023688-18,DLF Limited Royal Villas,4 BHK Flat,4 BHK,15390000.0,153.9,1934.0,4,4,7958.0,JP Nagar,Bangalore,West,DLF Limited,Under Construction,Yes,North,Semi-Furnished,9234000.0,10003500.0,10773000.0,11542500.0,12312000.0,13081500.0,13851000.0,14620500.0,15082200.0
19,1786023688-19,Godrej Properties Grand Towers,5 BHK Villa,5 BHK,20550000.0,205.5,2399.0,5,4,8566.0,C V Raman Nagar,Bangalore,West,Godrej Properties,Ready To Move,Yes,West,Fully-Furnished,12330000.0,13357500.0,14385000.0,15412500.0,16440000.0,17467500.0,18495000.0,19522500.0,20139000.0
20,1786023688-20,Sobha Limited Emerald Park,1 BHK Flat,1 BHK,5390000.0,53.9,615.0,1,1,8764.0,Varthur,Bangalore,North,Sobha Limited,Under Construction,Yes,North-East,Unfurnished,3234000.0,3503500.0,3773000.0,4042500.0,4312000.0,4581500.0,4851000.0,5120500.0,5282200.0
21,1786023688-21,Oberoi Realty Serene Court,2 BHK Flat,2 BHK,8520000.0,85.2,1190.0,2,2,7160.0,Whitefield,Bangalore,North,Oberoi Realty,Under Construction,Yes,East,Semi-Furnished,5112000.0,5538000.0,5964000.0,6390000.0,6816000.0,7242000.0,7668000.0,8094000.0,8349600.0
22,1786023688-22,Hiranandani Group Skyline Gardens,3 BHK Flat,3 BHK,14570000.0,145.7,1479.0,3,3,9851.0,Koramangala,Bangalore,Central,Hiranandani Group,Ready To Move,Yes,North-East,Fully-Furnished,8742000.0,9470500.0,10199000.0,10927500.0,11656000.0,12384500.0,13113000.0,13841500.0,14278600.0
23,1786023688-23,Lodha Group Imperia Haven,4 BHK Flat,4 BHK,14460000.0,144.6,1872.0,4,4,7724.0,Indiranagar,Bangalore,West,Lodha Group,Ready To Move,Yes,North,Semi-Furnished,8676000.0,9399000.0,10122000.0,10845000.0,11568000.0,12291000.0,13014000.0,13737000.0,14170800.0
24,1786023688-24,Aparna Constructions Elegance Enclave,5 BHK Villa,5 BHK,17520000.0,175.2,2342.0,5,4,7481.0,HSR Layout,Bangalore,South,Aparna Constructions,Under Construction,Yes,East,Semi-Furnished,10512000.0,11388000.0,12264000.0,13140000.0,14016000.0,14892000.0,15768000.0,16644000.0,17169600.0
25,1786023688-25,Brigade Group Urban Square,1 BHK Flat,1 BHK,4470000.0,44.7,560.0,1,1,7982.0,Electronic City,Bangalore,North,Brigade Group,Ready To Move,Yes,East,Fully-Furnished,2682000.0,2905500.0,3129000.0,3352500.0,3576000.0,3799500.0,4023000.0,4246500.0,4380600.0
26,1786023688-26,Puravankara Central Plaza,2 BHK Flat,2 BHK,8870000.0,88.7,1052.0,2,2,8432.0,Hebbal,Bangalore,East,Puravankara,Under Construction,Yes,East,Fully-Furnished,5322000.0,5765500.0,6209000.0,6652500.0,7096000.0,7539500.0,7983000.0,8426500.0,8692600.0
27,1786023688-27,Rustomjee Valley Terraces,3 BHK Flat,3 BHK,13220000.0,132.2,1600.0,3,3,8262.0,Yelahanka,Bangalore,South,Rustomjee,Under Construction,Yes,North-East,Semi-Furnished,7932000.0,8593000.0,9254000.0,9915000.0,10576000.0,11237000.0,11898000.0,12559000.0,12955600.0
28,1786023688-28,Tata Housing Heights Residences,4 BHK Flat,4 BHK,15670000.0,156.7,1914.0,4,4,8187.0,Sarjapur Road,Bangalore,West,Tata Housing,Under Construction,Yes,West,Semi-Furnished,9402000.0,10185500.0,10969000.0,11752500.0,12536000.0,13319500.0,14103000.0,14886500.0,15356600.0
29,1786023688-29,Mahindra Lifespaces Palms Greens,5 BHK Villa,5 BHK,22450000.0,224.5,2307.0,5,4,9731.0,Bellandur,Bangalore,North,Mahindra Lifespaces,Under Construction,Yes,West,Semi-Furnished,13470000.0,14592500.0,15715000.0,16837500.0,17960000.0,19082500.0,20205000.0,21327500.0,22001000.0
30,1786023688-30,Casagrand Vista Estate,1 BHK Flat,1 BHK,4250000.0,42.5,502.0,1,1,8466.0,Thanisandra,Bangalore,East,Casagrand,Ready To Move,Yes,East,Fully-Furnished,2550000.0,2762500.0,2975000.0,3187500.0,3400000.0,3612500.0,3825000.0,4037500.0,4165000.0
31,1786023688-31,Kolte-Patil Avenue Heights,2 BHK Flat,2 BHK,10210000.0,102.1,1016.0,2,2,10049.0,Marathahalli,Bangalore,South,Kolte-Patil,Ready To Move,Yes,West,Semi-Furnished,6126000.0,6636500.0,7147000.0,7657500.0,8168000.0,8678500.0,9189000.0,9699500.0,10005800.0
32,1786023688-32,Piramal Realty Oasis Villas,3 BHK Flat,3 BHK,12590000.0,125.9,1466.0,3,3,8588.0,Jayanagar,Bangalore,West,Piramal Realty,Under Construction,Yes,East,Fully-Furnished,7554000.0,8183500.0,8813000.0,9442500.0,10072000.0,10701500.0,11331000.0,11960500.0,12338200.0
33,1786023688-33,Prestige Group Solitaire Towers,4 BHK Flat,4 BHK,15450000.0,154.5,2019.0,4,4,7652.0,Rajajinagar,Bangalore,Central,Prestige Group,Under Construction,Yes,East,Unfurnished,9270000.0,10042500.0,10815000.0,11587500.0,12360000.0,13132500.0,13905000.0,14677500.0,15141000.0
34,1786023688-34,DLF Limited Signature Park,5 BHK Villa,5 BHK,21050000.0,210.5,2429.0,5,4,8666.0,Banashankari,Bangalore,South,DLF Limited,Under Construction,Yes,North-East,Unfurnished,12630000.0,13682500.0,14735000.0,15787500.0,16840000.0,17892500.0,18945000.0,19997500.0,20629000.0
35,1786023688-35,Godrej Properties Crown Court,1 BHK Flat,1 BHK,5280000.0,52.8,613.0,1,1,8613.0,Malleshwaram,Bangalore,West,Godrej Properties,Under Construction,Yes,East,Semi-Furnished,3168000.0,3432000.0,3696000.0,3960000.0,4224000.0,4488000.0,4752000.0,5016000.0,5174400.0
36,1786023688-36,Sobha Limited Royal Gardens,2 BHK Flat,2 BHK,7220000.0,72.2,999.0,2,2,7227.0,Kaggadasapura,Bangalore,West,Sobha Limited,Ready To Move,Yes,North,Fully-Furnished,4332000.0,4693000.0,5054000.0,5415000.0,5776000.0,6137000.0,6498000.0,6859000.0,7075600.0
37,1786023688-37,Oberoi Realty Grand Haven,3 BHK Flat,3 BHK,14920000.0,149.2,1551.0,3,3,9620.0,BTM Layout,Bangalore,South,Oberoi Realty,Ready To Move,Yes,North-East,Fully-Furnished,8952000.0,9698000.0,10444000.0,11190000.0,11936000.0,12682000.0,13428000.0,14174000.0,14621600.0
38,1786023688-38,Hiranandani Group Emerald Enclave,4 BHK Flat,4 BHK,15430000.0,154.3,2069.0,4,4,7458.0,JP Nagar,Bangalore,East,Hiranandani Group,Ready To Move,Yes,North,Unfurnished,9258000.0,10029500.0,10801000.0,11572500.0,12344000.0,13115500.0,13887000.0,14658500.0,15121400.0
39,1786023688-39,Lodha Group Serene Square,5 BHK Villa,5 BHK,20960000.0,209.6,2499.0,5,4,8387.0,C V Raman Nagar,Bangalore,North,Lodha Group,Under Construction,Yes,East,Unfurnished,12576000.0,13624000.0,14672000.0,15720000.0,16768000.0,17816000.0,18864000.0,19912000.0,20540800.0
40,1786023688-40,Aparna Constructions Skyline Plaza,1 BHK Flat,1 BHK,4390000.0,43.9,524.0,1,1,8378.0,Varthur,Bangalore,West,Aparna Constructions,Under Construction,Yes,North,Fully-Furnished,2634000.0,2853500.0,3073000.0,3292500.0,3512000.0,3731500.0,3951000.0,4170500.0,4302200.0
41,1786023688-41,Brigade Group Imperia Terraces,2 BHK Flat,2 BHK,8740000.0,87.4,1021.0,2,2,8560.0,Whitefield,Bangalore,Central,Brigade Group,Under Construction,Yes,West,Semi-Furnished,5244000.0,5681000.0,6118000.0,6555000.0,6992000.0,7429000.0,7866000.0,8303000.0,8565200.0
42,1786023688-42,Puravankara Elegance Residences,3 BHK Flat,3 BHK,15450000.0,154.5,1625.0,3,3,9508.0,Koramangala,Bangalore,West,Puravankara,Under Construction,Yes,East,Unfurnished,9270000.0,10042500.0,10815000.0,11587500.0,12360000.0,13132500.0,13905000.0,14677500.0,15141000.0
43,1786023688-43,Rustomjee Urban Greens,4 BHK Flat,4 BHK,17690000.0,176.9,2067.0,4,4,8558.0,Indiranagar,Bangalore,East,Rustomjee,Under Construction,Yes,North-East,Unfurnished,10614000.0,11498500.0,12383000.0,13267500.0,14152000.0,15036500.0,15921000.0,16805500.0,17336200.0
44,1786023688-44,Tata Housing Central Estate,5 BHK Villa,5 BHK,21630000.0,216.3,2356.0,5,4,9181.0,HSR Layout,Bangalore,South,Tata Housing,Ready To Move,Yes,North-East,Unfurnished,12978000.0,14059500.0,15141000.0,16222500.0,17304000.0,18385500.0,19467000.0,20548500.0,21197400.0
45,1786023688-45,Mahindra Lifespaces Valley Heights,1 BHK Flat,1 BHK,5900000.0,59.0,670.0,1,1,8806.0,Electronic City,Bangalore,West,Mahindra Lifespaces,Ready To Move,Yes,North-East,Unfurnished,3540000.0,3835000.0,4130000.0,4425000.0,4720000.0,5015000.0,5310000.0,5605000.0,5782000.0
46,1786023688-46,Casagrand Heights Villas,2 BHK Flat,2 BHK,7110000.0,71.1,1028.0,2,2,6916.0,Hebbal,Bangalore,East,Casagrand,Under Construction,Yes,North-East,Fully-Furnished,4266000.0,4621500.0,4977000.0,5332500.0,5688000.0,6043500.0,6399000.0,6754500.0,6967800.0
47,1786023688-47,Kolte-Patil Palms Towers,3 BHK Flat,3 BHK,13680000.0,136.8,1523.0,3,3,8982.0,Yelahanka,Bangalore,North,Kolte-Patil,Ready To Move,Yes,North,Fully-Furnished,8208000.0,8892000.0,9576000.0,10260000.0,10944000.0,11628000.0,12312000.0,12996000.0,13406400.0
48,1786023688-48,Piramal Realty Vista Park,4 BHK Flat,4 BHK,18840000.0,188.4,1880.0,4,4,10021.0,Sarjapur Road,Bangalore,North,Piramal Realty,Under Construction,Yes,North-East,Semi-Furnished,11304000.0,12246000.0,13188000.0,14130000.0,15072000.0,16014000.0,16956000.0,17898000.0,18463200.0
49,1786023688-49,Prestige Group Avenue Court,5 BHK Villa,5 BHK,25650000.0,256.5,2543.0,5,4,10087.0,Bellandur,Bangalore,South,Prestige Group,Under Construction,Yes,West,Fully-Furnished,15390000.0,16672500.0,17955000.0,19237500.0,20520000.0,21802500.0,23085000.0,24367500.0,25137000.0
50,1786023688-50,DLF Limited Oasis Gardens,1 BHK Flat,1 BHK,4960000.0,49.6,532.0,1,1,9323.0,Thanisandra,Bangalore,West,DLF Limited,Under Construction,Yes,East,Semi-Furnished,2976000.0,3224000.0,3472000.0,3720000.0,3968000.0,4216000.0,4464000.0,4712000.0,4860800.0
51,1786023688-51,Godrej Properties Solitaire Haven,2 BHK Flat,2 BHK,11110000.0,111.1,1182.0,2,2,9399.0,Marathahalli,Bangalore,West,Godrej Properties,Ready To Move,Yes,East,Unfurnished,6666000.0,7221500.0,7777000.0,8332500.0,8888000.0,9443500.0,9999000.0,10554500.0,10887800.0
52,1786023688-52,Sobha Limited Signature Enclave,3 BHK Flat,3 BHK,12240000.0,122.4,1500.0,3,3,8160.0,Jayanagar,Bangalore,Central,Sobha Limited,Ready To Move,Yes,East,Unfurnished,7344000.0,7956000.0,8568000.0,9180000.0,9792000.0,10404000.0,11016000.0,11628000.0,11995200.0
53,1786023688-53,Oberoi Realty Crown Square,4 BHK Flat,4 BHK,16340000.0,163.4,2037.0,4,4,8022.0,Rajajinagar,Bangalore,North,Oberoi Realty,Ready To Move,Yes,North,Semi-Furnished,9804000.0,10621000.0,11438000.0,12255000.0,13072000.0,13889000.0,14706000.0,15523000.0,16013200.0
54,1786023688-54,Hiranandani Group Royal Plaza,5 BHK Villa,5 BHK,19610000.0,196.1,2461.0,5,4,7968.0,Banashankari,Bangalore,North,Hiranandani Group,Under Construction,Yes,North,Semi-Furnished,11766000.0,12746500.0,13727000.0,14707500.0,15688000.0,16668500.0,17649000.0,18629500.0,19217800.0
55,1786023688-55,Lodha Group Grand Terraces,1 BHK Flat,1 BHK,3960000.0,39.6,503.0,1,1,7873.0,Malleshwaram,Bangalore,Central,Lodha Group,Ready To Move,Yes,North-East,Semi-Furnished,2376000.0,2574000.0,2772000.0,2970000.0,3168000.0,3366000.0,3564000.0,3762000.0,3880800.0
56,1786023688-56,Aparna Constructions Emerald Residences,2 BHK Flat,2 BHK,9820000.0,98.2,973.0,2,2,10092.0,Kaggadasapura,Bangalore,South,Aparna Constructions,Ready To Move,Yes,East,Fully-Furnished,5892000.0,6383000.0,6874000.0,7365000.0,7856000.0,8347000.0,8838000.0,9329000.0,9623600.0
57,1786023688-57,Brigade Group Serene Greens,3 BHK Flat,3 BHK,14690000.0,146.9,1585.0,3,3,9268.0,BTM Layout,Bangalore,Central,Brigade Group,Ready To Move,Yes,North-East,Unfurnished,8814000.0,9548500.0,10283000.0,11017500.0,11752000.0,12486500.0,13221000.0,13955500.0,14396200.0
58,1786023688-58,Puravankara Skyline Estate,4 BHK Flat,4 BHK,13770000.0,137.7,2014.0,4,4,6837.0,JP Nagar,Bangalore,West,Puravankara,Ready To Move,Yes,North,Unfurnished,8262000.0,8950500.0,9639000.0,10327500.0,11016000.0,11704500.0,12393000.0,13081500.0,13494600.0
59,1786023688-59,Rustomjee Imperia Heights,5 BHK Villa,5 BHK,22400000.0,224.0,2473.0,5,4,9058.0,C V Raman Nagar,Bangalore,North,Rustomjee,Ready To Move,Yes,North,Unfurnished,13440000.0,14560000.0,15680000.0,16800000.0,17920000.0,19040000.0,20160000.0,21280000.0,21952000.0
60,1786023688-60,Tata Housing Elegance Villas,1 BHK Flat,1 BHK,4650000.0,46.5,631.0,1,1,7369.0,Varthur,Bangalore,North,Tata Housing,Under Construction,Yes,North-East,Unfurnished,2790000.0,3022500.0,3255000.0,3487500.0,3720000.0,3952500.0,4185000.0,4417500.0,4557000.0
61,1786023688-61,Mahindra Lifespaces Urban Towers,2 BHK Flat,2 BHK,8250000.0,82.5,978.0,2,2,8436.0,Whitefield,Bangalore,West,Mahindra Lifespaces,Under Construction,Yes,North,Unfurnished,4950000.0,5362500.0,5775000.0,6187500.0,6600000.0,7012500.0,7425000.0,7837500.0,8085000.0
62,1786023688-62,Casagrand Central Park,3 BHK Flat,3 BHK,10530000.0,105.3,1450.0,3,3,7262.0,Koramangala,Bangalore,North,Casagrand,Under Construction,Yes,North-East,Semi-Furnished,6318000.0,6844500.0,7371000.0,7897500.0,8424000.0,8950500.0,9477000.0,10003500.0,10319400.0
63,1786023688-63,Kolte-Patil Valley Court,4 BHK Flat,4 BHK,15410000.0,154.1,1989.0,4,4,7748.0,Indiranagar,Bangalore,East,Kolte-Patil,Under Construction,Yes,North,Fully-Furnished,9246000.0,10016500.0,10787000.0,11557500.0,12328000.0,13098500.0,13869000.0,14639500.0,15101800.0
64,1786023688-64,Piramal Realty Heights Gardens,5 BHK Villa,5 BHK,20520000.0,205.2,2302.0,5,4,8914.0,HSR Layout,Bangalore,East,Piramal Realty,Under Construction,Yes,West,Fully-Furnished,12312000.0,13338000.0,14364000.0,15390000.0,16416000.0,17442000.0,18468000.0,19494000.0,20109600.0
65,1786023688-65,Prestige Group Palms Haven,1 BHK Flat,1 BHK,5850000.0,58.5,702.0,1,1,8333.0,Electronic City,Bangalore,East,Prestige Group,Under Construction,Yes,East,Unfurnished,3510000.0,3802500.0,4095000.0,4387500.0,4680000.0,4972500.0,5265000.0,5557500.0,5733000.0
66,1786023688-66,DLF Limited Vista Enclave,2 BHK Flat,2 BHK,7920000.0,79.2,1118.0,2,2,7084.0,Hebbal,Bangalore,South,DLF Limited,Ready To Move,Yes,North,Unfurnished,4752000.0,5148000.0,5544000.0,5940000.0,6336000.0,6732000.0,7128000.0,7524000.0,7761600.0
67,1786023688-67,Godrej Properties Avenue Square,3 BHK Flat,3 BHK,14810000.0,148.1,1519.0,3,3,9750.0,Yelahanka,Bangalore,East,Godrej Properties,Ready To Move,Yes,North,Semi-Furnished,8886000.0,9626500.0,10367000.0,11107500.0,11848000.0,12588500.0,13329000.0,14069500.0,14513800.0
68,1786023688-68,Sobha Limited Oasis Plaza,4 BHK Flat,4 BHK,18740000.0,187.4,1938.0,4,4,9670.0,Sarjapur Road,Bangalore,North,Sobha Limited,Ready To Move,Yes,North-East,Unfurnished,11244000.0,12181000.0,13118000.0,14055000.0,14992000.0,15929000.0,16866000.0,17803000.0,18365200.0
69,1786023688-69,Oberoi Realty Solitaire Terraces,5 BHK Villa,5 BHK,21840000.0,218.4,2368.0,5,4,9223.0,Bellandur,Bangalore,South,Oberoi Realty,Ready To Move,Yes,North-East,Fully-Furnished,13104000.0,14196000.0,15288000.0,16380000.0,17472000.0,18564000.0,19656000.0,20748000.0,21403200.0
70,1786023688-70,Hiranandani Group Signature Residences,1 BHK Flat,1 BHK,6400000.0,64.0,684.0,1,1,9357.0,Thanisandra,Bangalore,East,Hiranandani Group,Under Construction,Yes,North-East,Fully-Furnished,3840000.0,4160000.0,4480000.0,4800000.0,5120000.0,5440000.0,5760000.0,6080000.0,6272000.0
71,1786023688-71,Lodha Group Crown Greens,2 BHK Flat,2 BHK,11300000.0,113.0,1140.0,2,2,9912.0,Marathahalli,Bangalore,North,Lodha Group,Under Construction,Yes,North-East,Unfurnished,6780000.0,7345000.0,7910000.0,8475000.0,9040000.0,9605000.0,10170000.0,10735000.0,11074000.0
72,1786023688-72,Aparna Constructions Royal Estate,3 BHK Flat,3 BHK,15580000.0,155.8,1573.0,3,3,9905.0,Jayanagar,Bangalore,South,Aparna Constructions,Ready To Move,Yes,North-East,Fully-Furnished,9348000.0,10127000.0,10906000.0,11685000.0,12464000.0,13243000.0,14022000.0,14801000.0,15268400.0
73,1786023688-73,Brigade Group Grand Heights,4 BHK Flat,4 BHK,16990000.0,169.9,2091.0,4,4,8125.0,Rajajinagar,Bangalore,Central,Brigade Group,Under Construction,Yes,East,Fully-Furnished,10194000.0,11043500.0,11893000.0,12742500.0,13592000.0,14441500.0,15291000.0,16140500.0,16650200.0
74,1786023688-74,Puravankara Emerald Villas,5 BHK Villa,5 BHK,18230000.0,182.3,2539.0,5,4,7180.0,Banashankari,Bangalore,Central,Puravankara,Ready To Move,Yes,North-East,Semi-Furnished,10938000.0,11849500.0,12761000.0,13672500.0,14584000.0,15495500.0,16407000.0,17318500.0,17865400.0
75,1786023688-75,Rustomjee Serene Towers,1 BHK Flat,1 BHK,4550000.0,45.5,664.0,1,1,6852.0,Malleshwaram,Bangalore,East,Rustomjee,Ready To Move,Yes,North-East,Unfurnished,2730000.0,2957500.0,3185000.0,3412500.0,3640000.0,3867500.0,4095000.0,4322500.0,4459000.0
76,1786023688-76,Tata Housing Skyline Park,2 BHK Flat,2 BHK,11110000.0,111.1,1197.0,2,2,9282.0,Kaggadasapura,Bangalore,Central,Tata Housing,Ready To Move,Yes,West,Semi-Furnished,6666000.0,7221500.0,7777000.0,8332500.0,8888000.0,9443500.0,9999000.0,10554500.0,10887800.0
77,1786023688-77,Mahindra Lifespaces Imperia Court,3 BHK Flat,3 BHK,10590000.0,105.9,1412.0,3,3,7500.0,BTM Layout,Bangalore,West,Mahindra Lifespaces,Ready To Move,Yes,East,Fully-Furnished,6354000.0,6883500.0,7413000.0,7942500.0,8472000.0,9001500.0,9531000.0,10060500.0,10378200.0
78,1786023688-78,Casagrand Elegance Gardens,4 BHK Flat,4 BHK,16100000.0,161.0,1873.0,4,4,8596.0,JP Nagar,Bangalore,Central,Casagrand,Under Construction,Yes,North,Semi-Furnished,9660000.0,10465000.0,11270000.0,12075000.0,12880000.0,13685000.0,14490000.0,15295000.0,15778000.0
79,1786023688-79,Kolte-Patil Urban Haven,5 BHK Villa,5 BHK,22840000.0,228.4,2303.0,5,4,9917.0,C V Raman Nagar,Bangalore,North,Kolte-Patil,Ready To Move,Yes,East,Unfurnished,13704000.0,14846000.0,15988000.0,17130000.0,18272000.0,19414000.0,20556000.0,21698000.0,22383200.0
80,1786023688-80,Piramal Realty Central Enclave,1 BHK Flat,1 BHK,4820000.0,48.2,696.0,1,1,6925.0,Varthur,Bangalore,Central,Piramal Realty,Ready To Move,Yes,West,Fully-Furnished,2892000.0,3133000.0,3374000.0,3615000.0,3856000.0,4097000.0,4338000.0,4579000.0,4723600.0
81,1786023688-81,Prestige Group Valley Square,2 BHK Flat,2 BHK,11130000.0,111.3,1112.0,2,2,10009.0,Whitefield,Bangalore,South,Prestige Group,Under Construction,Yes,North-East,Unfurnished,6678000.0,7234500.0,7791000.0,8347500.0,8904000.0,9460500.0,10017000.0,10573500.0,10907400.0
82,1786023688-82,DLF Limited Heights Plaza,3 BHK Flat,3 BHK,12470000.0,124.7,1523.0,3,3,8188.0,Koramangala,Bangalore,Central,DLF Limited,Under Construction,Yes,West,Semi-Furnished,7482000.0,8105500.0,8729000.0,9352500.0,9976000.0,10599500.0,11223000.0,11846500.0,12220600.0
83,1786023688-83,Godrej Properties Palms Terraces,4 BHK Flat,4 BHK,16290000.0,162.9,2017.0,4,4,8076.0,Indiranagar,Bangalore,East,Godrej Properties,Ready To Move,Yes,West,Semi-Furnished,9774000.0,10588500.0,11403000.0,12217500.0,13032000.0,13846500.0,14661000.0,15475500.0,15964200.0
84,1786023688-84,Sobha Limited Vista Residences,5 BHK Villa,5 BHK,17940000.0,179.4,2386.0,5,4,7519.0,HSR Layout,Bangalore,Central,Sobha Limited,Ready To Move,Yes,North-East,Fully-Furnished,10764000.0,11661000.0,12558000.0,13455000.0,14352000.0,15249000.0,16146000.0,17043000.0,17581200.0
85,1786023688-85,Oberoi Realty Avenue Greens,1 BHK Flat,1 BHK,4730000.0,47.3,603.0,1,1,7844.0,Electronic City,Bangalore,North,Oberoi Realty,Under Construction,Yes,West,Fully-Furnished,2838000.0,3074500.0,3311000.0,3547500.0,3784000.0,4020500.0,4257000.0,4493500.0,4635400.0
86,1786023688-86,Hiranandani Group Oasis Estate,2 BHK Flat,2 BHK,8130000.0,81.3,1140.0,2,2,7132.0,Hebbal,Bangalore,East,Hiranandani Group,Under Construction,Yes,North,Semi-Furnished,4878000.0,5284500.0,5691000.0,6097500.0,6504000.0,6910500.0,7317000.0,7723500.0,7967400.0
87,1786023688-87,Lodha Group Solitaire Heights,3 BHK Flat,3 BHK,14630000.0,146.3,1448.0,3,3,10104.0,Yelahanka,Bangalore,Central,Lodha Group,Ready To Move,Yes,East,Fully-Furnished,8778000.0,9509500.0,10241000.0,10972500.0,11704000.0,12435500.0,13167000.0,13898500.0,14337400.0
88,1786023688-88,Aparna Constructions Signature Villas,4 BHK Flat,4 BHK,18250000.0,182.5,2027.0,4,4,9003.0,Sarjapur Road,Bangalore,South,Aparna Constructions,Ready To Move,Yes,West,Fully-Furnished,10950000.0,11862500.0,12775000.0,13687500.0,14600000.0,15512500.0,16425000.0,17337500.0,17885000.0
89,1786023688-89,Brigade Group Crown Towers,5 BHK Villa,5 BHK,18330000.0,183.3,2338.0,5,4,7840.0,Bellandur,Bangalore,West,Brigade Group,Ready To Move,Yes,East,Semi-Furnished,10998000.0,11914500.0,12831000.0,13747500.0,14664000.0,15580500.0,16497000.0,17413500.0,17963400.0
90,1786023688-90,Puravankara Royal Park,1 BHK Flat,1 BHK,6290000.0,62.9,722.0,1,1,8712.0,Thanisandra,Bangalore,North,Puravankara,Ready To Move,Yes,North-East,Unfurnished,3774000.0,4088500.0,4403000.0,4717500.0,5032000.0,5346500.0,5661000.0,5975500.0,6164200.0
91,1786023688-91,Rustomjee Grand Court,2 BHK Flat,2 BHK,8710000.0,87.1,1041.0,2,2,8367.0,Marathahalli,Bangalore,South,Rustomjee,Under Construction,Yes,East,Semi-Furnished,5226000.0,5661500.0,6097000.0,6532500.0,6968000.0,7403500.0,7839000.0,8274500.0,8535800.0
92,1786023688-92,Tata Housing Emerald Gardens,3 BHK Flat,3 BHK,13590000.0,135.9,1530.0,3,3,8882.0,Jayanagar,Bangalore,Central,Tata Housing,Under Construction,Yes,North,Semi-Furnished,8154000.0,8833500.0,9513000.0,10192500.0,10872000.0,11551500.0,12231000.0,12910500.0,13318200.0
93,1786023688-93,Mahindra Lifespaces Serene Haven,4 BHK Flat,4 BHK,12900000.0,129.0,1855.0,4,4,6954.0,Rajajinagar,Bangalore,Central,Mahindra Lifespaces,Under Construction,Yes,West,Fully-Furnished,7740000.0,8385000.0,9030000.0,9675000.0,10320000.0,10965000.0,11610000.0,12255000.0,12642000.0
94,1786023688-94,Casagrand Skyline Enclave,5 BHK Villa,5 BHK,21190000.0,211.9,2422.0,5,4,8749.0,Banashankari,Bangalore,East,Casagrand,Under Construction,Yes,East,Unfurnished,12714000.0,13773500.0,14833000.0,15892500.0,16952000.0,18011500.0,19071000.0,20130500.0,20766200.0
95,1786023688-95,Kolte-Patil Imperia Square,1 BHK Flat,1 BHK,5620000.0,56.2,637.0,1,1,8823.0,Malleshwaram,Bangalore,North,Kolte-Patil,Ready To Move,Yes,East,Unfurnished,3372000.0,3653000.0,3934000.0,4215000.0,4496000.0,4777000.0,5058000.0,5339000.0,5507600.0
96,1786023688-96,Piramal Realty Elegance Plaza,2 BHK Flat,2 BHK,8990000.0,89.9,989.0,2,2,9090.0,Kaggadasapura,Bangalore,North,Piramal Realty,Ready To Move,Yes,North-East,Unfurnished,5394000.0,5843500.0,6293000.0,6742500.0,7192000.0,7641500.0,8091000.0,8540500.0,8810200.0
97,1786023688-97,Prestige Group Urban Terraces,3 BHK Flat,3 BHK,10760000.0,107.6,1507.0,3,3,7140.0,BTM Layout,Bangalore,East,Prestige Group,Ready To Move,Yes,East,Semi-Furnished,6456000.0,6994000.0,7532000.0,8070000.0,8608000.0,9146000.0,9684000.0,10222000.0,10544800.0
98,1786023688-98,DLF Limited Central Residences,4 BHK Flat,4 BHK,14490000.0,144.9,1893.0,4,4,7655.0,JP Nagar,Bangalore,North,DLF Limited,Ready To Move,Yes,West,Semi-Furnished,8694000.0,9418500.0,10143000.0,10867500.0,11592000.0,12316500.0,13041000.0,13765500.0,14200200.0
99,1786023688-99,Godrej Properties Valley Greens,5 BHK Villa,5 BHK,23160000.0,231.6,2324.0,5,4,9966.0,C V Raman Nagar,Bangalore,South,Godrej Properties,Ready To Move,Yes,North,Fully-Furnished,13896000.0,15054000.0,16212000.0,17370000.0,18528000.0,19686000.0,20844000.0,22002000.0,22696800.0
100,1786023688-100,Sobha Limited Heights Estate,1 BHK Flat,1 BHK,5100000.0,51.0,682.0,1,1,7478.0,Varthur,Bangalore,North,Sobha Limited,Ready To Move,Yes,North,Unfurnished,3060000.0,3315000.0,3570000.0,3825000.0,4080000.0,4335000.0,4590000.0,4845000.0,4998000.0
101,1786023688-101,Oberoi Realty Palms Heights,2 BHK Flat,2 BHK,8850000.0,88.5,1192.0,2,2,7424.0,Whitefield,Bangalore,South,Oberoi Realty,Under Construction,Yes,West,Semi-Furnished,5310000.0,5752500.0,6195000.0,6637500.0,7080000.0,7522500.0,7965000.0,8407500.0,8673000.0
102,1786023688-102,Hiranandani Group Vista Villas,3 BHK Flat,3 BHK,10840000.0,108.4,1570.0,3,3,6904.0,Koramangala,Bangalore,West,Hiranandani Group,Ready To Move,Yes,North-East,Fully-Furnished,6504000.0,7046000.0,7588000.0,8130000.0,8672000.0,9214000.0,9756000.0,10298000.0,10623200.0
103,1786023688-103,Lodha Group Avenue Towers,4 BHK Flat,4 BHK,13810000.0,138.1,1930.0,4,4,7155.0,Indiranagar,Bangalore,East,Lodha Group,Ready To Move,Yes,North-East,Semi-Furnished,8286000.0,8976500.0,9667000.0,10357500.0,11048000.0,11738500.0,12429000.0,13119500.0,13533800.0
104,1786023688-104,Aparna Constructions Oasis Park,5 BHK Villa,5 BHK,22590000.0,225.9,2378.0,5,4,9500.0,HSR Layout,Bangalore,South,Aparna Constructions,Under Construction,Yes,West,Fully-Furnished,13554000.0,14683500.0,15813000.0,16942500.0,18072000.0,19201500.0,20331000.0,21460500.0,22138200.0
105,1786023688-105,Brigade Group Solitaire Court,1 BHK Flat,1 BHK,5430000.0,54.3,627.0,1,1,8660.0,Electronic City,Bangalore,South,Brigade Group,Under Construction,Yes,North,Unfurnished,3258000.0,3529500.0,3801000.0,4072500.0,4344000.0,4615500.0,4887000.0,5158500.0,5321400.0
106,1786023688-106,Puravankara Signature Gardens,2 BHK Flat,2 BHK,10040000.0,100.4,1082.0,2,2,9279.0,Hebbal,Bangalore,East,Puravankara,Under Construction,Yes,North,Semi-Furnished,6024000.0,6526000.0,7028000.0,7530000.0,8032000.0,8534000.0,9036000.0,9538000.0,9839200.0
107,1786023688-107,Rustomjee Crown Haven,3 BHK Flat,3 BHK,13860000.0,138.6,1494.0,3,3,9277.0,Yelahanka,Bangalore,North,Rustomjee,Under Construction,Yes,North-East,Unfurnished,8316000.0,9009000.0,9702000.0,10395000.0,11088000.0,11781000.0,12474000.0,13167000.0,13582800.0
108,1786023688-108,Tata Housing Royal Enclave,4 BHK Flat,4 BHK,13800000.0,138.0,1988.0,4,4,6942.0,Sarjapur Road,Bangalore,East,Tata Housing,Ready To Move,Yes,West,Unfurnished,8280000.0,8970000.0,9660000.0,10350000.0,11040000.0,11730000.0,12420000.0,13110000.0,13524000.0
109,1786023688-109,Mahindra Lifespaces Grand Square,5 BHK Villa,5 BHK,22210000.0,222.1,2311.0,5,4,9611.0,Bellandur,Bangalore,East,Mahindra Lifespaces,Ready To Move,Yes,East,Unfurnished,13326000.0,14436500.0,15547000.0,16657500.0,17768000.0,18878500.0,19989000.0,21099500.0,21765800.0
110,1786023688-110,Casagrand Emerald Plaza,1 BHK Flat,1 BHK,4460000.0,44.6,501.0,1,1,8902.0,Thanisandra,Bangalore,North,Casagrand,Under Construction,Yes,East,Semi-Furnished,2676000.0,2899000.0,3122000.0,3345000.0,3568000.0,3791000.0,4014000.0,4237000.0,4370800.0
111,1786023688-111,Kolte-Patil Serene Terraces,2 BHK Flat,2 BHK,8460000.0,84.6,1070.0,2,2,7907.0,Marathahalli,Bangalore,South,Kolte-Patil,Ready To Move,Yes,West,Semi-Furnished,5076000.0,5499000.0,5922000.0,6345000.0,6768000.0,7191000.0,7614000.0,8037000.0,8290800.0
112,1786023688-112,Piramal Realty Skyline Residences,3 BHK Flat,3 BHK,15030000.0,150.3,1638.0,3,3,9176.0,Jayanagar,Bangalore,West,Piramal Realty,Under Construction,Yes,North,Fully-Furnished,9018000.0,9769500.0,10521000.0,11272500.0,12024000.0,12775500.0,13527000.0,14278500.0,14729400.0
113,1786023688-113,Prestige Group Imperia Greens,4 BHK Flat,4 BHK,14120000.0,141.2,1921.0,4,4,7350.0,Rajajinagar,Bangalore,West,Prestige Group,Under Construction,Yes,North,Unfurnished,8472000.0,9178000.0,9884000.0,10590000.0,11296000.0,12002000.0,12708000.0,13414000.0,13837600.0
114,1786023688-114,DLF Limited Elegance Estate,5 BHK Villa,5 BHK,20830000.0,208.3,2475.0,5,4,8416.0,Banashankari,Bangalore,West,DLF Limited,Under Construction,Yes,North,Semi-Furnished,12498000.0,13539500.0,14581000.0,15622500.0,16664000.0,17705500.0,18747000.0,19788500.0,20413400.0
115,1786023688-115,Godrej Properties Urban Heights,1 BHK Flat,1 BHK,5090000.0,50.9,717.0,1,1,7099.0,Malleshwaram,Bangalore,South,Godrej Properties,Under Construction,Yes,North-East,Fully-Furnished,3054000.0,3308500.0,3563000.0,3817500.0,4072000.0,4326500.0,4581000.0,4835500.0,4988200.0
116,1786023688-116,Sobha Limited Central Villas,2 BHK Flat,2 BHK,8740000.0,87.4,1174.0,2,2,7445.0,Kaggadasapura,Bangalore,Central,Sobha Limited,Ready To Move,Yes,North,Fully-Furnished,5244000.0,5681000.0,6118000.0,6555000.0,6992000.0,7429000.0,7866000.0,8303000.0,8565200.0
117,1786023688-117,Oberoi Realty Valley Towers,3 BHK Flat,3 BHK,11720000.0,117.2,1537.0,3,3,7625.0,BTM Layout,Bangalore,West,Oberoi Realty,Under Construction,Yes,East,Semi-Furnished,7032000.0,7618000.0,8204000.0,8790000.0,9376000.0,9962000.0,10548000.0,11134000.0,11485600.0
118,1786023688-118,Hiranandani Group Heights Park,4 BHK Flat,4 BHK,18610000.0,186.1,1884.0,4,4,9878.0,JP Nagar,Bangalore,North,Hiranandani Group,Ready To Move,Yes,North-East,Semi-Furnished,11166000.0,12096500.0,13027000.0,13957500.0,14888000.0,15818500.0,16749000.0,17679500.0,18237800.0
119,1786023688-119,Lodha Group Palms Court,5 BHK Villa,5 BHK,17920000.0,179.2,2460.0,5,4,7285.0,C V Raman Nagar,Bangalore,South,Lodha Group,Ready To Move,Yes,West,Unfurnished,10752000.0,11648000.0,12544000.0,13440000.0,14336000.0,15232000.0,16128000.0,17024000.0,17561600.0
120,1786023688-120,Aparna Constructions Vista Gardens,1 BHK Flat,1 BHK,4750000.0,47.5,507.0,1,1,9369.0,Varthur,Bangalore,North,Aparna Constructions,Ready To Move,Yes,North-East,Fully-Furnished,2850000.0,3087500.0,3325000.0,3562500.0,3800000.0,4037500.0,4275000.0,4512500.0,4655000.0
121,1786023688-121,Brigade Group Avenue Haven,2 BHK Flat,2 BHK,11120000.0,111.2,1145.0,2,2,9712.0,Whitefield,Bangalore,East,Brigade Group,Under Construction,Yes,West,Unfurnished,6672000.0,7228000.0,7784000.0,8340000.0,8896000.0,9452000.0,10008000.0,10564000.0,10897600.0
122,1786023688-122,Puravankara Oasis Enclave,3 BHK Flat,3 BHK,13180000.0,131.8,1423.0,3,3,9262.0,Koramangala,Bangalore,East,Puravankara,Under Construction,Yes,North-East,Unfurnished,7908000.0,8567000.0,9226000.0,9885000.0,10544000.0,11203000.0,11862000.0,12521000.0,12916400.0
123,1786023688-123,Rustomjee Solitaire Square,4 BHK Flat,4 BHK,15960000.0,159.6,1918.0,4,4,8321.0,Indiranagar,Bangalore,South,Rustomjee,Under Construction,Yes,East,Unfurnished,9576000.0,10374000.0,11172000.0,11970000.0,12768000.0,13566000.0,14364000.0,15162000.0,15640800.0
124,1786023688-124,Tata Housing Signature Plaza,5 BHK Villa,5 BHK,18540000.0,185.4,2367.0,5,4,7833.0,HSR Layout,Bangalore,Central,Tata Housing,Ready To Move,Yes,West,Unfurnished,11124000.0,12051000.0,12978000.0,13905000.0,14832000.0,15759000.0,16686000.0,17613000.0,18169200.0
125,1786023688-125,Mahindra Lifespaces Crown Terraces,1 BHK Flat,1 BHK,5320000.0,53.2,609.0,1,1,8736.0,Electronic City,Bangalore,East,Mahindra Lifespaces,Ready To Move,Yes,North,Unfurnished,3192000.0,3458000.0,3724000.0,3990000.0,4256000.0,4522000.0,4788000.0,5054000.0,5213600.0
126,1786023688-126,Casagrand Royal Residences,2 BHK Flat,2 BHK,9730000.0,97.3,974.0,2,2,9990.0,Hebbal,Bangalore,Central,Casagrand,Ready To Move,Yes,North-East,Unfurnished,5838000.0,6324500.0,6811000.0,7297500.0,7784000.0,8270500.0,8757000.0,9243500.0,9535400.0
127,1786023688-127,Kolte-Patil Grand Greens,3 BHK Flat,3 BHK,14900000.0,149.0,1502.0,3,3,9920.0,Yelahanka,Bangalore,North,Kolte-Patil,Ready To Move,Yes,West,Unfurnished,8940000.0,9685000.0,10430000.0,11175000.0,11920000.0,12665000.0,13410000.0,14155000.0,14602000.0
128,1786023688-128,Piramal Realty Emerald Estate,4 BHK Flat,4 BHK,14120000.0,141.2,2057.0,4,4,6864.0,Sarjapur Road,Bangalore,Central,Piramal Realty,Under Construction,Yes,North-East,Semi-Furnished,8472000.0,9178000.0,9884000.0,10590000.0,11296000.0,12002000.0,12708000.0,13414000.0,13837600.0
129,1786023688-129,Prestige Group Serene Heights,5 BHK Villa,5 BHK,23920000.0,239.2,2423.0,5,4,9872.0,Bellandur,Bangalore,East,Prestige Group,Under Construction,Yes,North,Fully-Furnished,14352000.0,15548000.0,16744000.0,17940000.0,19136000.0,20332000.0,21528000.0,22724000.0,23441600.0
130,1786023688-130,DLF Limited Skyline Villas,1 BHK Flat,1 BHK,6070000.0,60.7,630.0,1,1,9635.0,Thanisandra,Bangalore,East,DLF Limited,Under Construction,Yes,East,Unfurnished,3642000.0,3945500.0,4249000.0,4552500.0,4856000.0,5159500.0,5463000.0,5766500.0,5948600.0
131,1786023688-131,Godrej Properties Imperia Towers,2 BHK Flat,2 BHK,8670000.0,86.7,1116.0,2,2,7769.0,Marathahalli,Bangalore,South,Godrej Properties,Under Construction,Yes,East,Fully-Furnished,5202000.0,5635500.0,6069000.0,6502500.0,6936000.0,7369500.0,7803000.0,8236500.0,8496600.0
132,1786023688-132,Sobha Limited Elegance Park,3 BHK Flat,3 BHK,10720000.0,107.2,1411.0,3,3,7597.0,Jayanagar,Bangalore,South,Sobha Limited,Under Construction,Yes,North,Semi-Furnished,6432000.0,6968000.0,7504000.0,8040000.0,8576000.0,9112000.0,9648000.0,10184000.0,10505600.0
133,1786023688-133,Oberoi Realty Urban Court,4 BHK Flat,4 BHK,15970000.0,159.7,1872.0,4,4,8531.0,Rajajinagar,Bangalore,East,Oberoi Realty,Ready To Move,Yes,East,Fully-Furnished,9582000.0,10380500.0,11179000.0,11977500.0,12776000.0,13574500.0,14373000.0,15171500.0,15650600.0
134,1786023688-134,Hiranandani Group Central Gardens,5 BHK Villa,5 BHK,20530000.0,205.3,2438.0,5,4,8421.0,Banashankari,Bangalore,North,Hiranandani Group,Under Construction,Yes,North,Fully-Furnished,12318000.0,13344500.0,14371000.0,15397500.0,16424000.0,17450500.0,18477000.0,19503500.0,20119400.0
135,1786023688-135,Lodha Group Valley Haven,1 BHK Flat,1 BHK,5790000.0,57.9,596.0,1,1,9715.0,Malleshwaram,Bangalore,North,Lodha Group,Ready To Move,Yes,West,Fully-Furnished,3474000.0,3763500.0,4053000.0,4342500.0,4632000.0,4921500.0,5211000.0,5500500.0,5674200.0
136,1786023688-136,Aparna Constructions Heights Enclave,2 BHK Flat,2 BHK,7590000.0,75.9,1060.0,2,2,7160.0,Kaggadasapura,Bangalore,North,Aparna Constructions,Under Construction,Yes,North-East,Semi-Furnished,4554000.0,4933500.0,5313000.0,5692500.0,6072000.0,6451500.0,6831000.0,7210500.0,7438200.0
137,1786023688-137,Brigade Group Palms Square,3 BHK Flat,3 BHK,11250000.0,112.5,1459.0,3,3,7711.0,BTM Layout,Bangalore,North,Brigade Group,Ready To Move,Yes,West,Fully-Furnished,6750000.0,7312500.0,7875000.0,8437500.0,9000000.0,9562500.0,10125000.0,10687500.0,11025000.0
138,1786023688-138,Puravankara Vista Plaza,4 BHK Flat,4 BHK,15670000.0,156.7,1927.0,4,4,8132.0,JP Nagar,Bangalore,West,Puravankara,Under Construction,Yes,West,Semi-Furnished,9402000.0,10185500.0,10969000.0,11752500.0,12536000.0,13319500.0,14103000.0,14886500.0,15356600.0
139,1786023688-139,Rustomjee Avenue Terraces,5 BHK Villa,5 BHK,23480000.0,234.8,2521.0,5,4,9314.0,C V Raman Nagar,Bangalore,North,Rustomjee,Ready To Move,Yes,North,Fully-Furnished,14088000.0,15262000.0,16436000.0,17610000.0,18784000.0,19958000.0,21132000.0,22306000.0,23010400.0
140,1786023688-140,Tata Housing Oasis Residences,1 BHK Flat,1 BHK,5360000.0,53.6,529.0,1,1,10132.0,Varthur,Bangalore,East,Tata Housing,Ready To Move,Yes,North,Fully-Furnished,3216000.0,3484000.0,3752000.0,4020000.0,4288000.0,4556000.0,4824000.0,5092000.0,5252800.0
141,1786023688-141,Mahindra Lifespaces Solitaire Greens,2 BHK Flat,2 BHK,9240000.0,92.4,1059.0,2,2,8725.0,Whitefield,Bangalore,South,Mahindra Lifespaces,Under Construction,Yes,West,Unfurnished,5544000.0,6006000.0,6468000.0,6930000.0,7392000.0,7854000.0,8316000.0,8778000.0,9055200.0
142,1786023688-142,Casagrand Signature Estate,3 BHK Flat,3 BHK,15500000.0,155.0,1534.0,3,3,10104.0,Koramangala,Bangalore,Central,Casagrand,Ready To Move,Yes,North-East,Semi-Furnished,9300000.0,10075000.0,10850000.0,11625000.0,12400000.0,13175000.0,13950000.0,14725000.0,15190000.0
143,1786023688-143,Kolte-Patil Crown Heights,4 BHK Flat,4 BHK,14120000.0,141.2,2028.0,4,4,6963.0,Indiranagar,Bangalore,West,Kolte-Patil,Under Construction,Yes,North-East,Unfurnished,8472000.0,9178000.0,9884000.0,10590000.0,11296000.0,12002000.0,12708000.0,13414000.0,13837600.0
144,1786023688-144,Piramal Realty Royal Villas,5 BHK Villa,5 BHK,22260000.0,222.6,2363.0,5,4,9420.0,HSR Layout,Bangalore,Central,Piramal Realty,Ready To Move,Yes,West,Unfurnished,13356000.0,14469000.0,15582000.0,16695000.0,17808000.0,18921000.0,20034000.0,21147000.0,21814800.0
145,1786023688-145,Prestige Group Grand Towers,1 BHK Flat,1 BHK,5840000.0,58.4,633.0,1,1,9226.0,Electronic City,Bangalore,North,Prestige Group,Ready To Move,Yes,North,Semi-Furnished,3504000.0,3796000.0,4088000.0,4380000.0,4672000.0,4964000.0,5256000.0,5548000.0,5723200.0
146,1786023688-146,DLF Limited Emerald Park,2 BHK Flat,2 BHK,9550000.0,95.5,1059.0,2,2,9018.0,Hebbal,Bangalore,East,DLF Limited,Under Construction,Yes,North-East,Fully-Furnished,5730000.0,6207500.0,6685000.0,7162500.0,7640000.0,8117500.0,8595000.0,9072500.0,9359000.0
147,1786023688-147,Godrej Properties Serene Court,3 BHK Flat,3 BHK,12970000.0,129.7,1642.0,3,3,7899.0,Yelahanka,Bangalore,Central,Godrej Properties,Under Construction,Yes,North,Unfurnished,7782000.0,8430500.0,9079000.0,9727500.0,10376000.0,11024500.0,11673000.0,12321500.0,12710600.0
148,1786023688-148,Sobha Limited Skyline Gardens,4 BHK Flat,4 BHK,16020000.0,160.2,2026.0,4,4,7907.0,Sarjapur Road,Bangalore,North,Sobha Limited,Under Construction,Yes,West,Semi-Furnished,9612000.0,10413000.0,11214000.0,12015000.0,12816000.0,13617000.0,14418000.0,15219000.0,15699600.0
149,1786023688-149,Oberoi Realty Imperia Haven,5 BHK Villa,5 BHK,22660000.0,226.6,2513.0,5,4,9017.0,Bellandur,Bangalore,West,Oberoi Realty,Under Construction,Yes,North-East,Unfurnished,13596000.0,14729000.0,15862000.0,16995000.0,18128000.0,19261000.0,20394000.0,21527000.0,22206800.0
150,1786023688-150,Hiranandani Group Elegance Enclave,1 BHK Flat,1 BHK,5760000.0,57.6,739.0,1,1,7794.0,Thanisandra,Bangalore,Central,Hiranandani Group,Under Construction,Yes,East,Semi-Furnished,3456000.0,3744000.0,4032000.0,4320000.0,4608000.0,4896000.0,5184000.0,5472000.0,5644800.0
151,1786023688-151,Lodha Group Urban Square,2 BHK Flat,2 BHK,9320000.0,93.2,1104.0,2,2,8442.0,Marathahalli,Bangalore,North,Lodha Group,Ready To Move,Yes,East,Fully-Furnished,5592000.0,6058000.0,6524000.0,6990000.0,7456000.0,7922000.0,8388000.0,8854000.0,9133600.0
152,1786023688-152,Aparna Constructions Central Plaza,3 BHK Flat,3 BHK,11510000.0,115.1,1420.0,3,3,8106.0,Jayanagar,Bangalore,Central,Aparna Constructions,Under Construction,Yes,West,Fully-Furnished,6906000.0,7481500.0,8057000.0,8632500.0,9208000.0,9783500.0,10359000.0,10934500.0,11279800.0
153,1786023688-153,Brigade Group Valley Terraces,4 BHK Flat,4 BHK,17230000.0,172.3,1908.0,4,4,9030.0,Rajajinagar,Bangalore,South,Brigade Group,Ready To Move,Yes,East,Unfurnished,10338000.0,11199500.0,12061000.0,12922500.0,13784000.0,14645500.0,15507000.0,16368500.0,16885400.0
154,1786023688-154,Puravankara Heights Residences,5 BHK Villa,5 BHK,23160000.0,231.6,2381.0,5,4,9727.0,Banashankari,Bangalore,South,Puravankara,Under Construction,Yes,East,Unfurnished,13896000.0,15054000.0,16212000.0,17370000.0,18528000.0,19686000.0,20844000.0,22002000.0,22696800.0
155,1786023688-155,Rustomjee Palms Greens,1 BHK Flat,1 BHK,4940000.0,49.4,613.0,1,1,8059.0,Malleshwaram,Bangalore,South,Rustomjee,Ready To Move,Yes,North,Semi-Furnished,2964000.0,3211000.0,3458000.0,3705000.0,3952000.0,4199000.0,4446000.0,4693000.0,4841200.0
156,1786023688-156,Tata Housing Vista Estate,2 BHK Flat,2 BHK,8790000.0,87.9,1089.0,2,2,8072.0,Kaggadasapura,Bangalore,Central,Tata Housing,Ready To Move,Yes,North,Unfurnished,5274000.0,5713500.0,6153000.0,6592500.0,7032000.0,7471500.0,7911000.0,8350500.0,8614200.0
157,1786023688-157,Mahindra Lifespaces Avenue Heights,3 BHK Flat,3 BHK,10330000.0,103.3,1433.0,3,3,7209.0,BTM Layout,Bangalore,North,Mahindra Lifespaces,Ready To Move,Yes,North-East,Fully-Furnished,6198000.0,6714500.0,7231000.0,7747500.0,8264000.0,8780500.0,9297000.0,9813500.0,10123400.0
158,1786023688-158,Casagrand Oasis Villas,4 BHK Flat,4 BHK,14770000.0,147.7,1882.0,4,4,7848.0,JP Nagar,Bangalore,Central,Casagrand,Ready To Move,Yes,North,Semi-Furnished,8862000.0,9600500.0,10339000.0,11077500.0,11816000.0,12554500.0,13293000.0,14031500.0,14474600.0
159,1786023688-159,Kolte-Patil Solitaire Towers,5 BHK Villa,5 BHK,16810000.0,168.1,2440.0,5,4,6889.0,C V Raman Nagar,Bangalore,Central,Kolte-Patil,Ready To Move,Yes,East,Fully-Furnished,10086000.0,10926500.0,11767000.0,12607500.0,13448000.0,14288500.0,15129000.0,15969500.0,16473800.0
160,1786023688-160,Piramal Realty Signature Park,1 BHK Flat,1 BHK,4820000.0,48.2,670.0,1,1,7194.0,Varthur,Bangalore,Central,Piramal Realty,Ready To Move,Yes,North,Semi-Furnished,2892000.0,3133000.0,3374000.0,3615000.0,3856000.0,4097000.0,4338000.0,4579000.0,4723600.0
161,1786023688-161,Prestige Group Crown Court,2 BHK Flat,2 BHK,9300000.0,93.0,1093.0,2,2,8509.0,Whitefield,Bangalore,Central,Prestige Group,Ready To Move,Yes,North-East,Semi-Furnished,5580000.0,6045000.0,6510000.0,6975000.0,7440000.0,7905000.0,8370000.0,8835000.0,9114000.0
162,1786023688-162,DLF Limited Royal Gardens,3 BHK Flat,3 BHK,13630000.0,136.3,1420.0,3,3,9599.0,Koramangala,Bangalore,South,DLF Limited,Under Construction,Yes,North-East,Semi-Furnished,8178000.0,8859500.0,9541000.0,10222500.0,10904000.0,11585500.0,12267000.0,12948500.0,13357400.0
163,1786023688-163,Godrej Properties Grand Haven,4 BHK Flat,4 BHK,15480000.0,154.8,2056.0,4,4,7529.0,Indiranagar,Bangalore,East,Godrej Properties,Ready To Move,Yes,West,Fully-Furnished,9288000.0,10062000.0,10836000.0,11610000.0,12384000.0,13158000.0,13932000.0,14706000.0,15170400.0
164,1786023688-164,Sobha Limited Emerald Enclave,5 BHK Villa,5 BHK,24030000.0,240.3,2511.0,5,4,9570.0,HSR Layout,Bangalore,East,Sobha Limited,Ready To Move,Yes,West,Semi-Furnished,14418000.0,15619500.0,16821000.0,18022500.0,19224000.0,20425500.0,21627000.0,22828500.0,23549400.0
165,1786023688-165,Oberoi Realty Serene Square,1 BHK Flat,1 BHK,4680000.0,46.8,563.0,1,1,8313.0,Electronic City,Bangalore,North,Oberoi Realty,Under Construction,Yes,East,Fully-Furnished,2808000.0,3042000.0,3276000.0,3510000.0,3744000.0,3978000.0,4212000.0,4446000.0,4586400.0
166,1786023688-166,Hiranandani Group Skyline Plaza,2 BHK Flat,2 BHK,9900000.0,99.0,1072.0,2,2,9235.0,Hebbal,Bangalore,South,Hiranandani Group,Under Construction,Yes,East,Semi-Furnished,5940000.0,6435000.0,6930000.0,7425000.0,7920000.0,8415000.0,8910000.0,9405000.0,9702000.0
167,1786023688-167,Lodha Group Imperia Terraces,3 BHK Flat,3 BHK,10840000.0,108.4,1480.0,3,3,7324.0,Yelahanka,Bangalore,East,Lodha Group,Under Construction,Yes,East,Semi-Furnished,6504000.0,7046000.0,7588000.0,8130000.0,8672000.0,9214000.0,9756000.0,10298000.0,10623200.0
168,1786023688-168,Aparna Constructions Elegance Residences,4 BHK Flat,4 BHK,17330000.0,173.3,1948.0,4,4,8896.0,Sarjapur Road,Bangalore,South,Aparna Constructions,Under Construction,Yes,East,Fully-Furnished,10398000.0,11264500.0,12131000.0,12997500.0,13864000.0,14730500.0,15597000.0,16463500.0,16983400.0
169,1786023688-169,Brigade Group Urban Greens,5 BHK Villa,5 BHK,19280000.0,192.8,2447.0,5,4,7879.0,Bellandur,Bangalore,South,Brigade Group,Under Construction,Yes,West,Unfurnished,11568000.0,12532000.0,13496000.0,14460000.0,15424000.0,16388000.0,17352000.0,18316000.0,18894400.0
170,1786023688-170,Puravankara Central Estate,1 BHK Flat,1 BHK,4440000.0,44.4,545.0,1,1,8147.0,Thanisandra,Bangalore,East,Puravankara,Ready To Move,Yes,East,Unfurnished,2664000.0,2886000.0,3108000.0,3330000.0,3552000.0,3774000.0,3996000.0,4218000.0,4351200.0
171,1786023688-171,Rustomjee Valley Heights,2 BHK Flat,2 BHK,9530000.0,95.3,1068.0,2,2,8923.0,Marathahalli,Bangalore,East,Rustomjee,Under Construction,Yes,North,Semi-Furnished,5718000.0,6194500.0,6671000.0,7147500.0,7624000.0,8100500.0,8577000.0,9053500.0,9339400.0
172,1786023688-172,Tata Housing Heights Villas,3 BHK Flat,3 BHK,13820000.0,138.2,1650.0,3,3,8376.0,Jayanagar,Bangalore,North,Tata Housing,Ready To Move,Yes,North-East,Unfurnished,8292000.0,8983000.0,9674000.0,10365000.0,11056000.0,11747000.0,12438000.0,13129000.0,13543600.0
173,1786023688-173,Mahindra Lifespaces Palms Towers,4 BHK Flat,4 BHK,15000000.0,150.0,1999.0,4,4,7504.0,Rajajinagar,Bangalore,West,Mahindra Lifespaces,Under Construction,Yes,East,Unfurnished,9000000.0,9750000.0,10500000.0,11250000.0,12000000.0,12750000.0,13500000.0,14250000.0,14700000.0
174,1786023688-174,Casagrand Vista Park,5 BHK Villa,5 BHK,16890000.0,168.9,2398.0,5,4,7043.0,Banashankari,Bangalore,East,Casagrand,Under Construction,Yes,West,Unfurnished,10134000.0,10978500.0,11823000.0,12667500.0,13512000.0,14356500.0,15201000.0,16045500.0,16552200.0
175,1786023688-175,Kolte-Patil Avenue Court,1 BHK Flat,1 BHK,4640000.0,46.4,514.0,1,1,9027.0,Malleshwaram,Bangalore,South,Kolte-Patil,Under Construction,Yes,North,Semi-Furnished,2784000.0,3016000.0,3248000.0,3480000.0,3712000.0,3944000.0,4176000.0,4408000.0,4547200.0
176,1786023688-176,Piramal Realty Oasis Gardens,2 BHK Flat,2 BHK,8850000.0,88.5,970.0,2,2,9124.0,Kaggadasapura,Bangalore,Central,Piramal Realty,Ready To Move,Yes,North-East,Fully-Furnished,5310000.0,5752500.0,6195000.0,6637500.0,7080000.0,7522500.0,7965000.0,8407500.0,8673000.0
177,1786023688-177,Prestige Group Solitaire Haven,3 BHK Flat,3 BHK,11540000.0,115.4,1492.0,3,3,7735.0,BTM Layout,Bangalore,Central,Prestige Group,Under Construction,Yes,East,Fully-Furnished,6924000.0,7501000.0,8078000.0,8655000.0,9232000.0,9809000.0,10386000.0,10963000.0,11309200.0
178,1786023688-178,DLF Limited Signature Enclave,4 BHK Flat,4 BHK,14820000.0,148.2,1983.0,4,4,7474.0,JP Nagar,Bangalore,Central,DLF Limited,Under Construction,Yes,North-East,Semi-Furnished,8892000.0,9633000.0,10374000.0,11115000.0,11856000.0,12597000.0,13338000.0,14079000.0,14523600.0
179,1786023688-179,Godrej Properties Crown Square,5 BHK Villa,5 BHK,23810000.0,238.1,2400.0,5,4,9921.0,C V Raman Nagar,Bangalore,Central,Godrej Properties,Ready To Move,Yes,East,Semi-Furnished,14286000.0,15476500.0,16667000.0,17857500.0,19048000.0,20238500.0,21429000.0,22619500.0,23333800.0
180,1786023688-180,Sobha Limited Royal Plaza,1 BHK Flat,1 BHK,6420000.0,64.2,632.0,1,1,10158.0,Varthur,Bangalore,South,Sobha Limited,Under Construction,Yes,West,Unfurnished,3852000.0,4173000.0,4494000.0,4815000.0,5136000.0,5457000.0,5778000.0,6099000.0,6291600.0
181,1786023688-181,Oberoi Realty Grand Terraces,2 BHK Flat,2 BHK,8320000.0,83.2,994.0,2,2,8370.0,Whitefield,Bangalore,East,Oberoi Realty,Under Construction,Yes,North,Unfurnished,4992000.0,5408000.0,5824000.0,6240000.0,6656000.0,7072000.0,7488000.0,7904000.0,8153600.0
182,1786023688-182,Hiranandani Group Emerald Residences,3 BHK Flat,3 BHK,10500000.0,105.0,1543.0,3,3,6805.0,Koramangala,Bangalore,Central,Hiranandani Group,Under Construction,Yes,North-East,Fully-Furnished,6300000.0,6825000.0,7350000.0,7875000.0,8400000.0,8925000.0,9450000.0,9975000.0,10290000.0
183,1786023688-183,Lodha Group Serene Greens,4 BHK Flat,4 BHK,16120000.0,161.2,2043.0,4,4,7890.0,Indiranagar,Bangalore,Central,Lodha Group,Ready To Move,Yes,East,Unfurnished,9672000.0,10478000.0,11284000.0,12090000.0,12896000.0,13702000.0,14508000.0,15314000.0,15797600.0
184,1786023688-184,Aparna Constructions Skyline Estate,5 BHK Villa,5 BHK,22460000.0,224.6,2378.0,5,4,9445.0,HSR Layout,Bangalore,South,Aparna Constructions,Under Construction,Yes,North,Fully-Furnished,13476000.0,14599000.0,15722000.0,16845000.0,17968000.0,19091000.0,20214000.0,21337000.0,22010800.0
185,1786023688-185,Brigade Group Imperia Heights,1 BHK Flat,1 BHK,4030000.0,40.3,587.0,1,1,6865.0,Electronic City,Bangalore,North,Brigade Group,Ready To Move,Yes,North-East,Semi-Furnished,2418000.0,2619500.0,2821000.0,3022500.0,3224000.0,3425500.0,3627000.0,3828500.0,3949400.0
186,1786023688-186,Puravankara Elegance Villas,2 BHK Flat,2 BHK,11890000.0,118.9,1183.0,2,2,10051.0,Hebbal,Bangalore,South,Puravankara,Ready To Move,Yes,West,Semi-Furnished,7134000.0,7728500.0,8323000.0,8917500.0,9512000.0,10106500.0,10701000.0,11295500.0,11652200.0
187,1786023688-187,Rustomjee Urban Towers,3 BHK Flat,3 BHK,13210000.0,132.1,1586.0,3,3,8329.0,Yelahanka,Bangalore,West,Rustomjee,Ready To Move,Yes,West,Fully-Furnished,7926000.0,8586500.0,9247000.0,9907500.0,10568000.0,11228500.0,11889000.0,12549500.0,12945800.0
188,1786023688-188,Tata Housing Central Park,4 BHK Flat,4 BHK,17330000.0,173.3,1960.0,4,4,8842.0,Sarjapur Road,Bangalore,South,Tata Housing,Ready To Move,Yes,North-East,Unfurnished,10398000.0,11264500.0,12131000.0,12997500.0,13864000.0,14730500.0,15597000.0,16463500.0,16983400.0
189,1786023688-189,Mahindra Lifespaces Valley Court,5 BHK Villa,5 BHK,17750000.0,177.5,2403.0,5,4,7387.0,Bellandur,Bangalore,West,Mahindra Lifespaces,Ready To Move,Yes,East,Fully-Furnished,10650000.0,11537500.0,12425000.0,13312500.0,14200000.0,15087500.0,15975000.0,16862500.0,17395000.0
190,1786023688-190,Casagrand Heights Gardens,1 BHK Flat,1 BHK,5610000.0,56.1,720.0,1,1,7792.0,Thanisandra,Bangalore,Central,Casagrand,Ready To Move,Yes,North-East,Fully-Furnished,3366000.0,3646500.0,3927000.0,4207500.0,4488000.0,4768500.0,5049000.0,5329500.0,5497800.0
191,1786023688-191,Kolte-Patil Palms Haven,2 BHK Flat,2 BHK,9930000.0,99.3,1129.0,2,2,8795.0,Marathahalli,Bangalore,East,Kolte-Patil,Ready To Move,Yes,North,Semi-Furnished,5958000.0,6454500.0,6951000.0,7447500.0,7944000.0,8440500.0,8937000.0,9433500.0,9731400.0
192,1786023688-192,Piramal Realty Vista Enclave,3 BHK Flat,3 BHK,13390000.0,133.9,1484.0,3,3,9023.0,Jayanagar,Bangalore,West,Piramal Realty,Under Construction,Yes,North-East,Fully-Furnished,8034000.0,8703500.0,9373000.0,10042500.0,10712000.0,11381500.0,12051000.0,12720500.0,13122200.0
193,1786023688-193,Prestige Group Avenue Square,4 BHK Flat,4 BHK,18510000.0,185.1,1861.0,4,4,9946.0,Rajajinagar,Bangalore,South,Prestige Group,Under Construction,Yes,West,Fully-Furnished,11106000.0,12031500.0,12957000.0,13882500.0,14808000.0,15733500.0,16659000.0,17584500.0,18139800.0
194,1786023688-194,DLF Limited Oasis Plaza,5 BHK Villa,5 BHK,20650000.0,206.5,2412.0,5,4,8561.0,Banashankari,Bangalore,Central,DLF Limited,Ready To Move,Yes,East,Fully-Furnished,12390000.0,13422500.0,14455000.0,15487500.0,16520000.0,17552500.0,18585000.0,19617500.0,20237000.0
195,1786023688-195,Godrej Properties Solitaire Terraces,1 BHK Flat,1 BHK,5690000.0,56.9,585.0,1,1,9726.0,Malleshwaram,Bangalore,South,Godrej Properties,Ready To Move,Yes,North,Fully-Furnished,3414000.0,3698500.0,3983000.0,4267500.0,4552000.0,4836500.0,5121000.0,5405500.0,5576200.0
196,1786023688-196,Sobha Limited Signature Residences,2 BHK Flat,2 BHK,8540000.0,85.4,1177.0,2,2,7256.0,Kaggadasapura,Bangalore,West,Sobha Limited,Under Construction,Yes,East,Unfurnished,5124000.0,5551000.0,5978000.0,6405000.0,6832000.0,7259000.0,7686000.0,8113000.0,8369200.0
197,1786023688-197,Oberoi Realty Crown Greens,3 BHK Flat,3 BHK,12900000.0,129.0,1564.0,3,3,8248.0,BTM Layout,Bangalore,Central,Oberoi Realty,Ready To Move,Yes,East,Unfurnished,7740000.0,8385000.0,9030000.0,9675000.0,10320000.0,10965000.0,11610000.0,12255000.0,12642000.0
198,1786023688-198,Hiranandani Group Royal Estate,4 BHK Flat,4 BHK,12950000.0,129.5,1891.0,4,4,6848.0,JP Nagar,Bangalore,Central,Hiranandani Group,Ready To Move,Yes,West,Fully-Furnished,7770000.0,8417500.0,9065000.0,9712500.0,10360000.0,11007500.0,11655000.0,12302500.0,12691000.0
199,1786023688-199,Lodha Group Grand Heights,5 BHK Villa,5 BHK,18080000.0,180.8,2304.0,5,4,7847.0,C V Raman Nagar,Bangalore,West,Lodha Group,Ready To Move,Yes,West,Unfurnished,10848000.0,11752000.0,12656000.0,13560000.0,14464000.0,15368000.0,16272000.0,17176000.0,17718400.0
200,1786023688-200,Aparna Constructions Emerald Villas,1 BHK Flat,1 BHK,5050000.0,50.5,661.0,1,1,7640.0,Varthur,Bangalore,Central,Aparna Constructions,Under Construction,Yes,North,Semi-Furnished,3030000.0,3282500.0,3535000.0,3787500.0,4040000.0,4292500.0,4545000.0,4797500.0,4949000.0
201,1786023688-201,Brigade Group Serene Towers,2 BHK Flat,2 BHK,9600000.0,96.0,1035.0,2,2,9275.0,Whitefield,Bangalore,East,Brigade Group,Ready To Move,Yes,North,Unfurnished,5760000.0,6240000.0,6720000.0,7200000.0,7680000.0,8160000.0,8640000.0,9120000.0,9408000.0
202,1786023688-202,Puravankara Skyline Park,3 BHK Flat,3 BHK,13430000.0,134.3,1508.0,3,3,8906.0,Koramangala,Bangalore,North,Puravankara,Under Construction,Yes,West,Fully-Furnished,8058000.0,8729500.0,9401000.0,10072500.0,10744000.0,11415500.0,12087000.0,12758500.0,13161400.0
203,1786023688-203,Rustomjee Imperia Court,4 BHK Flat,4 BHK,16710000.0,167.1,1905.0,4,4,8772.0,Indiranagar,Bangalore,West,Rustomjee,Under Construction,Yes,North,Semi-Furnished,10026000.0,10861500.0,11697000.0,12532500.0,13368000.0,14203500.0,15039000.0,15874500.0,16375800.0
204,1786023688-204,Tata Housing Elegance Gardens,5 BHK Villa,5 BHK,15830000.0,158.3,2328.0,5,4,6800.0,HSR Layout,Bangalore,East,Tata Housing,Under Construction,Yes,North-East,Unfurnished,9498000.0,10289500.0,11081000.0,11872500.0,12664000.0,13455500.0,14247000.0,15038500.0,15513400.0
205,1786023688-205,Mahindra Lifespaces Urban Haven,1 BHK Flat,1 BHK,4730000.0,47.3,657.0,1,1,7199.0,Electronic City,Bangalore,South,Mahindra Lifespaces,Under Construction,Yes,West,Fully-Furnished,2838000.0,3074500.0,3311000.0,3547500.0,3784000.0,4020500.0,4257000.0,4493500.0,4635400.0
206,1786023688-206,Casagrand Central Enclave,2 BHK Flat,2 BHK,10600000.0,106.0,1097.0,2,2,9663.0,Hebbal,Bangalore,Central,Casagrand,Ready To Move,Yes,North,Fully-Furnished,6360000.0,6890000.0,7420000.0,7950000.0,8480000.0,9010000.0,9540000.0,10070000.0,10388000.0
207,1786023688-207,Kolte-Patil Valley Square,3 BHK Flat,3 BHK,12180000.0,121.8,1465.0,3,3,8314.0,Yelahanka,Bangalore,Central,Kolte-Patil,Ready To Move,Yes,North,Fully-Furnished,7308000.0,7917000.0,8526000.0,9135000.0,9744000.0,10353000.0,10962000.0,11571000.0,11936400.0
208,1786023688-208,Piramal Realty Heights Plaza,4 BHK Flat,4 BHK,19030000.0,190.3,2081.0,4,4,9145.0,Sarjapur Road,Bangalore,Central,Piramal Realty,Under Construction,Yes,North-East,Unfurnished,11418000.0,12369500.0,13321000.0,14272500.0,15224000.0,16175500.0,17127000.0,18078500.0,18649400.0
209,1786023688-209,Prestige Group Palms Terraces,5 BHK Villa,5 BHK,18290000.0,182.9,2466.0,5,4,7417.0,Bellandur,Bangalore,South,Prestige Group,Ready To Move,Yes,North,Unfurnished,10974000.0,11888500.0,12803000.0,13717500.0,14632000.0,15546500.0,16461000.0,17375500.0,17924200.0
210,1786023688-210,DLF Limited Vista Residences,1 BHK Flat,1 BHK,5320000.0,53.2,627.0,1,1,8485.0,Thanisandra,Bangalore,West,DLF Limited,Ready To Move,Yes,North,Unfurnished,3192000.0,3458000.0,3724000.0,3990000.0,4256000.0,4522000.0,4788000.0,5054000.0,5213600.0
211,1786023688-211,Godrej Properties Avenue Greens,2 BHK Flat,2 BHK,8420000.0,84.2,976.0,2,2,8627.0,Marathahalli,Bangalore,North,Godrej Properties,Under Construction,Yes,East,Semi-Furnished,5052000.0,5473000.0,5894000.0,6315000.0,6736000.0,7157000.0,7578000.0,7999000.0,8251600.0
212,1786023688-212,Sobha Limited Oasis Estate,3 BHK Flat,3 BHK,11050000.0,110.5,1401.0,3,3,7887.0,Jayanagar,Bangalore,West,Sobha Limited,Under Construction,Yes,West,Fully-Furnished,6630000.0,7182500.0,7735000.0,8287500.0,8840000.0,9392500.0,9945000.0,10497500.0,10829000.0
213,1786023688-213,Oberoi Realty Solitaire Heights,4 BHK Flat,4 BHK,18310000.0,183.1,1902.0,4,4,9627.0,Rajajinagar,Bangalore,Central,Oberoi Realty,Ready To Move,Yes,North,Unfurnished,10986000.0,11901500.0,12817000.0,13732500.0,14648000.0,15563500.0,16479000.0,17394500.0,17943800.0
214,1786023688-214,Hiranandani Group Signature Villas,5 BHK Villa,5 BHK,18410000.0,184.1,2484.0,5,4,7411.0,Banashankari,Bangalore,South,Hiranandani Group,Ready To Move,Yes,West,Fully-Furnished,11046000.0,11966500.0,12887000.0,13807500.0,14728000.0,15648500.0,16569000.0,17489500.0,18041800.0
215,1786023688-215,Lodha Group Crown Towers,1 BHK Flat,1 BHK,4810000.0,48.1,684.0,1,1,7032.0,Malleshwaram,Bangalore,North,Lodha Group,Under Construction,Yes,East,Semi-Furnished,2886000.0,3126500.0,3367000.0,3607500.0,3848000.0,4088500.0,4329000.0,4569500.0,4713800.0
216,1786023688-216,Aparna Constructions Royal Park,2 BHK Flat,2 BHK,10720000.0,107.2,1113.0,2,2,9632.0,Kaggadasapura,Bangalore,North,Aparna Constructions,Ready To Move,Yes,West,Fully-Furnished,6432000.0,6968000.0,7504000.0,8040000.0,8576000.0,9112000.0,9648000.0,10184000.0,10505600.0
217,1786023688-217,Brigade Group Grand Court,3 BHK Flat,3 BHK,14320000.0,143.2,1547.0,3,3,9257.0,BTM Layout,Bangalore,North,Brigade Group,Ready To Move,Yes,North-East,Unfurnished,8592000.0,9308000.0,10024000.0,10740000.0,11456000.0,12172000.0,12888000.0,13604000.0,14033600.0
218,1786023688-218,Puravankara Emerald Gardens,4 BHK Flat,4 BHK,17500000.0,175.0,1973.0,4,4,8870.0,JP Nagar,Bangalore,West,Puravankara,Under Construction,Yes,North-East,Unfurnished,10500000.0,11375000.0,12250000.0,13125000.0,14000000.0,14875000.0,15750000.0,16625000.0,17150000.0
219,1786023688-219,Rustomjee Serene Haven,5 BHK Villa,5 BHK,18470000.0,184.7,2500.0,5,4,7388.0,C V Raman Nagar,Bangalore,North,Rustomjee,Ready To Move,Yes,East,Unfurnished,11082000.0,12005500.0,12929000.0,13852500.0,14776000.0,15699500.0,16623000.0,17546500.0,18100600.0
220,1786023688-220,Tata Housing Skyline Enclave,1 BHK Flat,1 BHK,4760000.0,47.6,605.0,1,1,7868.0,Varthur,Bangalore,Central,Tata Housing,Under Construction,Yes,North-East,Semi-Furnished,2856000.0,3094000.0,3332000.0,3570000.0,3808000.0,4046000.0,4284000.0,4522000.0,4664800.0
221,1786023688-221,Mahindra Lifespaces Imperia Square,2 BHK Flat,2 BHK,6850000.0,68.5,995.0,2,2,6884.0,Whitefield,Bangalore,East,Mahindra Lifespaces,Under Construction,Yes,West,Fully-Furnished,4110000.0,4452500.0,4795000.0,5137500.0,5480000.0,5822500.0,6165000.0,6507500.0,6713000.0
222,1786023688-222,Casagrand Elegance Plaza,3 BHK Flat,3 BHK,12740000.0,127.4,1477.0,3,3,8626.0,Koramangala,Bangalore,Central,Casagrand,Ready To Move,Yes,East,Unfurnished,7644000.0,8281000.0,8918000.0,9555000.0,10192000.0,10829000.0,11466000.0,12103000.0,12485200.0
223,1786023688-223,Kolte-Patil Urban Terraces,4 BHK Flat,4 BHK,18040000.0,180.4,1953.0,4,4,9237.0,Indiranagar,Bangalore,East,Kolte-Patil,Under Construction,Yes,East,Semi-Furnished,10824000.0,11726000.0,12628000.0,13530000.0,14432000.0,15334000.0,16236000.0,17138000.0,17679200.0
224,1786023688-224,Piramal Realty Central Residences,5 BHK Villa,5 BHK,17100000.0,171.0,2458.0,5,4,6957.0,HSR Layout,Bangalore,North,Piramal Realty,Under Construction,Yes,West,Semi-Furnished,10260000.0,11115000.0,11970000.0,12825000.0,13680000.0,14535000.0,15390000.0,16245000.0,16758000.0
225,1786023688-225,Prestige Group Valley Greens,1 BHK Flat,1 BHK,4920000.0,49.2,678.0,1,1,7257.0,Electronic City,Bangalore,South,Prestige Group,Ready To Move,Yes,East,Semi-Furnished,2952000.0,3198000.0,3444000.0,3690000.0,3936000.0,4182000.0,4428000.0,4674000.0,4821600.0
226,1786023688-226,DLF Limited Heights Estate,2 BHK Flat,2 BHK,9850000.0,98.5,1156.0,2,2,8521.0,Hebbal,Bangalore,East,DLF Limited,Under Construction,Yes,North-East,Unfurnished,5910000.0,6402500.0,6895000.0,7387500.0,7880000.0,8372500.0,8865000.0,9357500.0,9653000.0
227,1786023688-227,Godrej Properties Palms Heights,3 BHK Flat,3 BHK,13140000.0,131.4,1584.0,3,3,8295.0,Yelahanka,Bangalore,South,Godrej Properties,Ready To Move,Yes,West,Unfurnished,7884000.0,8541000.0,9198000.0,9855000.0,10512000.0,11169000.0,11826000.0,12483000.0,12877200.0
228,1786023688-228,Sobha Limited Vista Villas,4 BHK Flat,4 BHK,15350000.0,153.5,1928.0,4,4,7962.0,Sarjapur Road,Bangalore,Central,Sobha Limited,Ready To Move,Yes,West,Semi-Furnished,9210000.0,9977500.0,10745000.0,11512500.0,12280000.0,13047500.0,13815000.0,14582500.0,15043000.0
229,1786023688-229,Oberoi Realty Avenue Towers,5 BHK Villa,5 BHK,19110000.0,191.1,2390.0,5,4,7996.0,Bellandur,Bangalore,East,Oberoi Realty,Ready To Move,Yes,East,Fully-Furnished,11466000.0,12421500.0,13377000.0,14332500.0,15288000.0,16243500.0,17199000.0,18154500.0,18727800.0
230,1786023688-230,Hiranandani Group Oasis Park,1 BHK Flat,1 BHK,7320000.0,73.2,722.0,1,1,10139.0,Thanisandra,Bangalore,East,Hiranandani Group,Ready To Move,Yes,West,Fully-Furnished,4392000.0,4758000.0,5124000.0,5490000.0,5856000.0,6222000.0,6588000.0,6954000.0,7173600.0
231,1786023688-231,Lodha Group Solitaire Court,2 BHK Flat,2 BHK,8620000.0,86.2,979.0,2,2,8805.0,Marathahalli,Bangalore,East,Lodha Group,Ready To Move,Yes,East,Semi-Furnished,5172000.0,5603000.0,6034000.0,6465000.0,6896000.0,7327000.0,7758000.0,8189000.0,8447600.0
232,1786023688-232,Aparna Constructions Signature Gardens,3 BHK Flat,3 BHK,16260000.0,162.6,1595.0,3,3,10194.0,Jayanagar,Bangalore,South,Aparna Constructions,Under Construction,Yes,West,Unfurnished,9756000.0,10569000.0,11382000.0,12195000.0,13008000.0,13821000.0,14634000.0,15447000.0,15934800.0
233,1786023688-233,Brigade Group Crown Haven,4 BHK Flat,4 BHK,19450000.0,194.5,1991.0,4,4,9769.0,Rajajinagar,Bangalore,South,Brigade Group,Ready To Move,Yes,West,Fully-Furnished,11670000.0,12642500.0,13615000.0,14587500.0,15560000.0,16532500.0,17505000.0,18477500.0,19061000.0
234,1786023688-234,Puravankara Royal Enclave,5 BHK Villa,5 BHK,19460000.0,194.6,2442.0,5,4,7969.0,Banashankari,Bangalore,Central,Puravankara,Under Construction,Yes,West,Semi-Furnished,11676000.0,12649000.0,13622000.0,14595000.0,15568000.0,16541000.0,17514000.0,18487000.0,19070800.0
235,1786023688-235,Rustomjee Grand Square,1 BHK Flat,1 BHK,4750000.0,47.5,503.0,1,1,9443.0,Malleshwaram,Bangalore,South,Rustomjee,Under Construction,Yes,East,Fully-Furnished,2850000.0,3087500.0,3325000.0,3562500.0,3800000.0,4037500.0,4275000.0,4512500.0,4655000.0
236,1786023688-236,Tata Housing Emerald Plaza,2 BHK Flat,2 BHK,9930000.0,99.3,1051.0,2,2,9448.0,Kaggadasapura,Bangalore,North,Tata Housing,Under Construction,Yes,West,Unfurnished,5958000.0,6454500.0,6951000.0,7447500.0,7944000.0,8440500.0,8937000.0,9433500.0,9731400.0
237,1786023688-237,Mahindra Lifespaces Serene Terraces,3 BHK Flat,3 BHK,13320000.0,133.2,1517.0,3,3,8780.0,BTM Layout,Bangalore,Central,Mahindra Lifespaces,Under Construction,Yes,North-East,Unfurnished,7992000.0,8658000.0,9324000.0,9990000.0,10656000.0,11322000.0,11988000.0,12654000.0,13053600.0
238,1786023688-238,Casagrand Skyline Residences,4 BHK Flat,4 BHK,14610000.0,146.1,1890.0,4,4,7730.0,JP Nagar,Bangalore,South,Casagrand,Ready To Move,Yes,North,Unfurnished,8766000.0,9496500.0,10227000.0,10957500.0,11688000.0,12418500.0,13149000.0,13879500.0,14317800.0
239,1786023688-239,Kolte-Patil Imperia Greens,5 BHK Villa,5 BHK,18210000.0,182.1,2512.0,5,4,7249.0,C V Raman Nagar,Bangalore,South,Kolte-Patil,Under Construction,Yes,West,Fully-Furnished,10926000.0,11836500.0,12747000.0,13657500.0,14568000.0,15478500.0,16389000.0,17299500.0,17845800.0
240,1786023688-240,Piramal Realty Elegance Estate,1 BHK Flat,1 BHK,5940000.0,59.4,605.0,1,1,9818.0,Varthur,Bangalore,East,Piramal Realty,Ready To Move,Yes,North-East,Unfurnished,3564000.0,3861000.0,4158000.0,4455000.0,4752000.0,5049000.0,5346000.0,5643000.0,5821200.0
241,1786023688-241,Prestige Group Urban Heights,2 BHK Flat,2 BHK,9000000.0,90.0,1054.0,2,2,8539.0,Whitefield,Bangalore,East,Prestige Group,Ready To Move,Yes,North-East,Semi-Furnished,5400000.0,5850000.0,6300000.0,6750000.0,7200000.0,7650000.0,8100000.0,8550000.0,8820000.0
242,1786023688-242,DLF Limited Central Villas,3 BHK Flat,3 BHK,12350000.0,123.5,1494.0,3,3,8266.0,Koramangala,Bangalore,Central,DLF Limited,Under Construction,Yes,North-East,Semi-Furnished,7410000.0,8027500.0,8645000.0,9262500.0,9880000.0,10497500.0,11115000.0,11732500.0,12103000.0
243,1786023688-243,Godrej Properties Valley Towers,4 BHK Flat,4 BHK,19360000.0,193.6,1908.0,4,4,10147.0,Indiranagar,Bangalore,West,Godrej Properties,Ready To Move,Yes,East,Fully-Furnished,11616000.0,12584000.0,13552000.0,14520000.0,15488000.0,16456000.0,17424000.0,18392000.0,18972800.0
244,1786023688-244,Sobha Limited Heights Park,5 BHK Villa,5 BHK,24750000.0,247.5,2517.0,5,4,9833.0,HSR Layout,Bangalore,Central,Sobha Limited,Under Construction,Yes,North-East,Semi-Furnished,14850000.0,16087500.0,17325000.0,18562500.0,19800000.0,21037500.0,22275000.0,23512500.0,24255000.0
245,1786023688-245,Oberoi Realty Palms Court,1 BHK Flat,1 BHK,4710000.0,47.1,606.0,1,1,7772.0,Electronic City,Bangalore,North,Oberoi Realty,Under Construction,Yes,East,Fully-Furnished,2826000.0,3061500.0,3297000.0,3532500.0,3768000.0,4003500.0,4239000.0,4474500.0,4615800.0
246,1786023688-246,Hiranandani Group Vista Gardens,2 BHK Flat,2 BHK,7940000.0,79.4,999.0,2,2,7948.0,Hebbal,Bangalore,Central,Hiranandani Group,Under Construction,Yes,East,Unfurnished,4764000.0,5161000.0,5558000.0,5955000.0,6352000.0,6749000.0,7146000.0,7543000.0,7781200.0
247,1786023688-247,Lodha Group Avenue Haven,3 BHK Flat,3 BHK,16210000.0,162.1,1620.0,3,3,10006.0,Yelahanka,Bangalore,East,Lodha Group,Under Construction,Yes,North,Unfurnished,9726000.0,10536500.0,11347000.0,12157500.0,12968000.0,13778500.0,14589000.0,15399500.0,15885800.0
248,1786023688-248,Aparna Constructions Oasis Enclave,4 BHK Flat,4 BHK,13320000.0,133.2,1891.0,4,4,7044.0,Sarjapur Road,Bangalore,South,Aparna Constructions,Under Construction,Yes,East,Unfurnished,7992000.0,8658000.0,9324000.0,9990000.0,10656000.0,11322000.0,11988000.0,12654000.0,13053600.0
249,1786023688-249,Brigade Group Solitaire Square,5 BHK Villa,5 BHK,19240000.0,192.4,2400.0,5,4,8017.0,Bellandur,Bangalore,South,Brigade Group,Under Construction,Yes,East,Semi-Furnished,11544000.0,12506000.0,13468000.0,14430000.0,15392000.0,16354000.0,17316000.0,18278000.0,18855200.0
250,1786023688-250,Puravankara Signature Plaza,1 BHK Flat,1 BHK,6790000.0,67.9,730.0,1,1,9301.0,Thanisandra,Bangalore,East,Puravankara,Under Construction,Yes,North,Unfurnished,4074000.0,4413500.0,4753000.0,5092500.0,5432000.0,5771500.0,6111000.0,6450500.0,6654200.0
251,1786023688-251,Rustomjee Crown Terraces,2 BHK Flat,2 BHK,10130000.0,101.3,1081.0,2,2,9371.0,Marathahalli,Bangalore,West,Rustomjee,Ready To Move,Yes,North-East,Fully-Furnished,6078000.0,6584500.0,7091000.0,7597500.0,8104000.0,8610500.0,9117000.0,9623500.0,9927400.0
252,1786023688-252,Tata Housing Royal Residences,3 BHK Flat,3 BHK,14290000.0,142.9,1441.0,3,3,9917.0,Jayanagar,Bangalore,South,Tata Housing,Ready To Move,Yes,West,Semi-Furnished,8574000.0,9288500.0,10003000.0,10717500.0,11432000.0,12146500.0,12861000.0,13575500.0,14004200.0
253,1786023688-253,Mahindra Lifespaces Grand Greens,4 BHK Flat,4 BHK,15870000.0,158.7,2032.0,4,4,7810.0,Rajajinagar,Bangalore,West,Mahindra Lifespaces,Ready To Move,Yes,West,Fully-Furnished,9522000.0,10315500.0,11109000.0,11902500.0,12696000.0,13489500.0,14283000.0,15076500.0,15552600.0
254,1786023688-254,Casagrand Emerald Estate,5 BHK Villa,5 BHK,22000000.0,220.0,2329.0,5,4,9446.0,Banashankari,Bangalore,North,Casagrand,Ready To Move,Yes,East,Fully-Furnished,13200000.0,14300000.0,15400000.0,16500000.0,17600000.0,18700000.0,19800000.0,20900000.0,21560000.0
255,1786023688-255,Kolte-Patil Serene Heights,1 BHK Flat,1 BHK,3980000.0,39.8,538.0,1,1,7398.0,Malleshwaram,Bangalore,South,Kolte-Patil,Ready To Move,Yes,North,Fully-Furnished,2388000.0,2587000.0,2786000.0,2985000.0,3184000.0,3383000.0,3582000.0,3781000.0,3900400.0
256,1786023688-256,Piramal Realty Skyline Villas,2 BHK Flat,2 BHK,9020000.0,90.2,1167.0,2,2,7729.0,Kaggadasapura,Bangalore,West,Piramal Realty,Ready To Move,Yes,North,Fully-Furnished,5412000.0,5863000.0,6314000.0,6765000.0,7216000.0,7667000.0,8118000.0,8569000.0,8839600.0
257,1786023688-257,Prestige Group Imperia Towers,3 BHK Flat,3 BHK,14910000.0,149.1,1602.0,3,3,9307.0,BTM Layout,Bangalore,Central,Prestige Group,Under Construction,Yes,West,Fully-Furnished,8946000.0,9691500.0,10437000.0,11182500.0,11928000.0,12673500.0,13419000.0,14164500.0,14611800.0
258,1786023688-258,DLF Limited Elegance Park,4 BHK Flat,4 BHK,16750000.0,167.5,1944.0,4,4,8616.0,JP Nagar,Bangalore,South,DLF Limited,Ready To Move,Yes,North-East,Fully-Furnished,10050000.0,10887500.0,11725000.0,12562500.0,13400000.0,14237500.0,15075000.0,15912500.0,16415000.0
259,1786023688-259,Godrej Properties Urban Court,5 BHK Villa,5 BHK,20480000.0,204.8,2411.0,5,4,8494.0,C V Raman Nagar,Bangalore,North,Godrej Properties,Ready To Move,Yes,East,Semi-Furnished,12288000.0,13312000.0,14336000.0,15360000.0,16384000.0,17408000.0,18432000.0,19456000.0,20070400.0
260,1786023688-260,Sobha Limited Central Gardens,1 BHK Flat,1 BHK,5130000.0,51.3,531.0,1,1,9661.0,Varthur,Bangalore,East,Sobha Limited,Ready To Move,Yes,East,Semi-Furnished,3078000.0,3334500.0,3591000.0,3847500.0,4104000.0,4360500.0,4617000.0,4873500.0,5027400.0
261,1786023688-261,Oberoi Realty Valley Haven,2 BHK Flat,2 BHK,8200000.0,82.0,1008.0,2,2,8135.0,Whitefield,Bangalore,Central,Oberoi Realty,Under Construction,Yes,East,Unfurnished,4920000.0,5330000.0,5740000.0,6150000.0,6560000.0,6970000.0,7380000.0,7790000.0,8036000.0
262,1786023688-262,Hiranandani Group Heights Enclave,3 BHK Flat,3 BHK,11790000.0,117.9,1453.0,3,3,8114.0,Koramangala,Bangalore,East,Hiranandani Group,Under Construction,Yes,North-East,Fully-Furnished,7074000.0,7663500.0,8253000.0,8842500.0,9432000.0,10021500.0,10611000.0,11200500.0,11554200.0
263,1786023688-263,Lodha Group Palms Square,4 BHK Flat,4 BHK,19100000.0,191.0,1960.0,4,4,9745.0,Indiranagar,Bangalore,Central,Lodha Group,Ready To Move,Yes,North-East,Unfurnished,11460000.0,12415000.0,13370000.0,14325000.0,15280000.0,16235000.0,17190000.0,18145000.0,18718000.0
264,1786023688-264,Aparna Constructions Vista Plaza,5 BHK Villa,5 BHK,16970000.0,169.7,2310.0,5,4,7346.0,HSR Layout,Bangalore,East,Aparna Constructions,Ready To Move,Yes,West,Unfurnished,10182000.0,11030500.0,11879000.0,12727500.0,13576000.0,14424500.0,15273000.0,16121500.0,16630600.0
265,1786023688-265,Brigade Group Avenue Terraces,1 BHK Flat,1 BHK,3710000.0,37.1,525.0,1,1,7067.0,Electronic City,Bangalore,East,Brigade Group,Ready To Move,Yes,East,Fully-Furnished,2226000.0,2411500.0,2597000.0,2782500.0,2968000.0,3153500.0,3339000.0,3524500.0,3635800.0
266,1786023688-266,Puravankara Oasis Residences,2 BHK Flat,2 BHK,6900000.0,69.0,970.0,2,2,7113.0,Hebbal,Bangalore,North,Puravankara,Ready To Move,Yes,North-East,Semi-Furnished,4140000.0,4485000.0,4830000.0,5175000.0,5520000.0,5865000.0,6210000.0,6555000.0,6762000.0
267,1786023688-267,Rustomjee Solitaire Greens,3 BHK Flat,3 BHK,15480000.0,154.8,1626.0,3,3,9520.0,Yelahanka,Bangalore,East,Rustomjee,Ready To Move,Yes,East,Fully-Furnished,9288000.0,10062000.0,10836000.0,11610000.0,12384000.0,13158000.0,13932000.0,14706000.0,15170400.0
268,1786023688-268,Tata Housing Signature Estate,4 BHK Flat,4 BHK,15780000.0,157.8,2032.0,4,4,7766.0,Sarjapur Road,Bangalore,Central,Tata Housing,Under Construction,Yes,North,Fully-Furnished,9468000.0,10257000.0,11046000.0,11835000.0,12624000.0,13413000.0,14202000.0,14991000.0,15464400.0
269,1786023688-269,Mahindra Lifespaces Crown Heights,5 BHK Villa,5 BHK,17480000.0,174.8,2431.0,5,4,7190.0,Bellandur,Bangalore,East,Mahindra Lifespaces,Under Construction,Yes,West,Unfurnished,10488000.0,11362000.0,12236000.0,13110000.0,13984000.0,14858000.0,15732000.0,16606000.0,17130400.0
270,1786023688-270,Casagrand Royal Villas,1 BHK Flat,1 BHK,6410000.0,64.1,690.0,1,1,9290.0,Thanisandra,Bangalore,West,Casagrand,Under Construction,Yes,East,Unfurnished,3846000.0,4166500.0,4487000.0,4807500.0,5128000.0,5448500.0,5769000.0,6089500.0,6281800.0
271,1786023688-271,Kolte-Patil Grand Towers,2 BHK Flat,2 BHK,7300000.0,73.0,1038.0,2,2,7033.0,Marathahalli,Bangalore,South,Kolte-Patil,Under Construction,Yes,North-East,Semi-Furnished,4380000.0,4745000.0,5110000.0,5475000.0,5840000.0,6205000.0,6570000.0,6935000.0,7154000.0
272,1786023688-272,Piramal Realty Emerald Park,3 BHK Flat,3 BHK,14690000.0,146.9,1564.0,3,3,9393.0,Jayanagar,Bangalore,Central,Piramal Realty,Ready To Move,Yes,North-East,Semi-Furnished,8814000.0,9548500.0,10283000.0,11017500.0,11752000.0,12486500.0,13221000.0,13955500.0,14396200.0
273,1786023688-273,Prestige Group Serene Court,4 BHK Flat,4 BHK,15090000.0,150.9,1993.0,4,4,7572.0,Rajajinagar,Bangalore,North,Prestige Group,Under Construction,Yes,West,Fully-Furnished,9054000.0,9808500.0,10563000.0,11317500.0,12072000.0,12826500.0,13581000.0,14335500.0,14788200.0
274,1786023688-274,DLF Limited Skyline Gardens,5 BHK Villa,5 BHK,16750000.0,167.5,2355.0,5,4,7113.0,Banashankari,Bangalore,East,DLF Limited,Under Construction,Yes,North,Unfurnished,10050000.0,10887500.0,11725000.0,12562500.0,13400000.0,14237500.0,15075000.0,15912500.0,16415000.0
275,1786023688-275,Godrej Properties Imperia Haven,1 BHK Flat,1 BHK,4880000.0,48.8,587.0,1,1,8313.0,Malleshwaram,Bangalore,West,Godrej Properties,Ready To Move,Yes,North-East,Fully-Furnished,2928000.0,3172000.0,3416000.0,3660000.0,3904000.0,4148000.0,4392000.0,4636000.0,4782400.0
276,1786023688-276,Sobha Limited Elegance Enclave,2 BHK Flat,2 BHK,10390000.0,103.9,1181.0,2,2,8798.0,Kaggadasapura,Bangalore,East,Sobha Limited,Under Construction,Yes,West,Unfurnished,6234000.0,6753500.0,7273000.0,7792500.0,8312000.0,8831500.0,9351000.0,9870500.0,10182200.0
277,1786023688-277,Oberoi Realty Urban Square,3 BHK Flat,3 BHK,12800000.0,128.0,1537.0,3,3,8328.0,BTM Layout,Bangalore,Central,Oberoi Realty,Under Construction,Yes,North,Unfurnished,7680000.0,8320000.0,8960000.0,9600000.0,10240000.0,10880000.0,11520000.0,12160000.0,12544000.0
278,1786023688-278,Hiranandani Group Central Plaza,4 BHK Flat,4 BHK,13970000.0,139.7,1916.0,4,4,7291.0,JP Nagar,Bangalore,South,Hiranandani Group,Ready To Move,Yes,North,Fully-Furnished,8382000.0,9080500.0,9779000.0,10477500.0,11176000.0,11874500.0,12573000.0,13271500.0,13690600.0
279,1786023688-279,Lodha Group Valley Terraces,5 BHK Villa,5 BHK,18060000.0,180.6,2473.0,5,4,7303.0,C V Raman Nagar,Bangalore,North,Lodha Group,Under Construction,Yes,East,Semi-Furnished,10836000.0,11739000.0,12642000.0,13545000.0,14448000.0,15351000.0,16254000.0,17157000.0,17698800.0
280,1786023688-280,Aparna Constructions Heights Residences,1 BHK Flat,1 BHK,4740000.0,47.4,564.0,1,1,8404.0,Varthur,Bangalore,Central,Aparna Constructions,Ready To Move,Yes,North-East,Unfurnished,2844000.0,3081000.0,3318000.0,3555000.0,3792000.0,4029000.0,4266000.0,4503000.0,4645200.0
281,1786023688-281,Brigade Group Palms Greens,2 BHK Flat,2 BHK,6900000.0,69.0,960.0,2,2,7188.0,Whitefield,Bangalore,East,Brigade Group,Ready To Move,Yes,East,Semi-Furnished,4140000.0,4485000.0,4830000.0,5175000.0,5520000.0,5865000.0,6210000.0,6555000.0,6762000.0
282,1786023688-282,Puravankara Vista Estate,3 BHK Flat,3 BHK,12440000.0,124.4,1442.0,3,3,8627.0,Koramangala,Bangalore,East,Puravankara,Ready To Move,Yes,North-East,Fully-Furnished,7464000.0,8086000.0,8708000.0,9330000.0,9952000.0,10574000.0,11196000.0,11818000.0,12191200.0
283,1786023688-283,Rustomjee Avenue Heights,4 BHK Flat,4 BHK,20200000.0,202.0,2044.0,4,4,9883.0,Indiranagar,Bangalore,Central,Rustomjee,Ready To Move,Yes,West,Unfurnished,12120000.0,13130000.0,14140000.0,15150000.0,16160000.0,17170000.0,18180000.0,19190000.0,19796000.0
284,1786023688-284,Tata Housing Oasis Villas,5 BHK Villa,5 BHK,16680000.0,166.8,2307.0,5,4,7230.0,HSR Layout,Bangalore,Central,Tata Housing,Under Construction,Yes,North-East,Unfurnished,10008000.0,10842000.0,11676000.0,12510000.0,13344000.0,14178000.0,15012000.0,15846000.0,16346400.0
285,1786023688-285,Mahindra Lifespaces Solitaire Towers,1 BHK Flat,1 BHK,5200000.0,52.0,722.0,1,1,7202.0,Electronic City,Bangalore,Central,Mahindra Lifespaces,Under Construction,Yes,North-East,Semi-Furnished,3120000.0,3380000.0,3640000.0,3900000.0,4160000.0,4420000.0,4680000.0,4940000.0,5096000.0
286,1786023688-286,Casagrand Signature Park,2 BHK Flat,2 BHK,9000000.0,90.0,1095.0,2,2,8219.0,Hebbal,Bangalore,Central,Casagrand,Ready To Move,Yes,North,Unfurnished,5400000.0,5850000.0,6300000.0,6750000.0,7200000.0,7650000.0,8100000.0,8550000.0,8820000.0
287,1786023688-287,Kolte-Patil Crown Court,3 BHK Flat,3 BHK,14100000.0,141.0,1624.0,3,3,8682.0,Yelahanka,Bangalore,East,Kolte-Patil,Under Construction,Yes,West,Unfurnished,8460000.0,9165000.0,9870000.0,10575000.0,11280000.0,11985000.0,12690000.0,13395000.0,13818000.0
288,1786023688-288,Piramal Realty Royal Gardens,4 BHK Flat,4 BHK,15090000.0,150.9,1981.0,4,4,7617.0,Sarjapur Road,Bangalore,North,Piramal Realty,Ready To Move,Yes,North-East,Fully-Furnished,9054000.0,9808500.0,10563000.0,11317500.0,12072000.0,12826500.0,13581000.0,14335500.0,14788200.0
289,1786023688-289,Prestige Group Grand Haven,5 BHK Villa,5 BHK,23190000.0,231.9,2446.0,5,4,9481.0,Bellandur,Bangalore,Central,Prestige Group,Ready To Move,Yes,East,Unfurnished,13914000.0,15073500.0,16233000.0,17392500.0,18552000.0,19711500.0,20871000.0,22030500.0,22726200.0
290,1786023688-290,DLF Limited Emerald Enclave,1 BHK Flat,1 BHK,6710000.0,67.1,714.0,1,1,9398.0,Thanisandra,Bangalore,South,DLF Limited,Ready To Move,Yes,East,Fully-Furnished,4026000.0,4361500.0,4697000.0,5032500.0,5368000.0,5703500.0,6039000.0,6374500.0,6575800.0
291,1786023688-291,Godrej Properties Serene Square,2 BHK Flat,2 BHK,8280000.0,82.8,1058.0,2,2,7826.0,Marathahalli,Bangalore,North,Godrej Properties,Under Construction,Yes,North,Unfurnished,4968000.0,5382000.0,5796000.0,6210000.0,6624000.0,7038000.0,7452000.0,7866000.0,8114400.0
292,1786023688-292,Sobha Limited Skyline Plaza,3 BHK Flat,3 BHK,11490000.0,114.9,1432.0,3,3,8024.0,Jayanagar,Bangalore,Central,Sobha Limited,Under Construction,Yes,North-East,Unfurnished,6894000.0,7468500.0,8043000.0,8617500.0,9192000.0,9766500.0,10341000.0,10915500.0,11260200.0
293,1786023688-293,Oberoi Realty Imperia Terraces,4 BHK Flat,4 BHK,17140000.0,171.4,1898.0,4,4,9031.0,Rajajinagar,Bangalore,East,Oberoi Realty,Ready To Move,Yes,North-East,Unfurnished,10284000.0,11141000.0,11998000.0,12855000.0,13712000.0,14569000.0,15426000.0,16283000.0,16797200.0
294,1786023688-294,Hiranandani Group Elegance Residences,5 BHK Villa,5 BHK,19090000.0,190.9,2326.0,5,4,8207.0,Banashankari,Bangalore,Central,Hiranandani Group,Ready To Move,Yes,North,Semi-Furnished,11454000.0,12408500.0,13363000.0,14317500.0,15272000.0,16226500.0,17181000.0,18135500.0,18708200.0
295,1786023688-295,Lodha Group Urban Greens,1 BHK Flat,1 BHK,5250000.0,52.5,647.0,1,1,8114.0,Malleshwaram,Bangalore,East,Lodha Group,Under Construction,Yes,North,Fully-Furnished,3150000.0,3412500.0,3675000.0,3937500.0,4200000.0,4462500.0,4725000.0,4987500.0,5145000.0
296,1786023688-296,Aparna Constructions Central Estate,2 BHK Flat,2 BHK,9100000.0,91.0,975.0,2,2,9333.0,Kaggadasapura,Bangalore,West,Aparna Constructions,Ready To Move,Yes,West,Fully-Furnished,5460000.0,5915000.0,6370000.0,6825000.0,7280000.0,7735000.0,8190000.0,8645000.0,8918000.0
297,1786023688-297,Brigade Group Valley Heights,3 BHK Flat,3 BHK,12520000.0,125.2,1594.0,3,3,7854.0,BTM Layout,Bangalore,West,Brigade Group,Ready To Move,Yes,North-East,Fully-Furnished,7512000.0,8138000.0,8764000.0,9390000.0,10016000.0,10642000.0,11268000.0,11894000.0,12269600.0
298,1786023688-298,Puravankara Heights Villas,4 BHK Flat,4 BHK,17600000.0,176.0,1866.0,4,4,9432.0,JP Nagar,Bangalore,West,Puravankara,Under Construction,Yes,North,Unfurnished,10560000.0,11440000.0,12320000.0,13200000.0,14080000.0,14960000.0,15840000.0,16720000.0,17248000.0
299,1786023688-299,Rustomjee Palms Towers,5 BHK Villa,5 BHK,18320000.0,183.2,2335.0,5,4,7846.0,C V Raman Nagar,Bangalore,North,Rustomjee,Under Construction,Yes,West,Unfurnished,10992000.0,11908000.0,12824000.0,13740000.0,14656000.0,15572000.0,16488000.0,17404000.0,17953600.0
300,1786023688-300,Tata Housing Vista Park,1 BHK Flat,1 BHK,4910000.0,49.1,525.0,1,1,9352.0,Varthur,Bangalore,East,Tata Housing,Under Construction,Yes,West,Unfurnished,2946000.0,3191500.0,3437000.0,3682500.0,3928000.0,4173500.0,4419000.0,4664500.0,4811800.0
301,1786023688-301,Mahindra Lifespaces Avenue Court,2 BHK Flat,2 BHK,11150000.0,111.5,1104.0,2,2,10100.0,Whitefield,Bangalore,South,Mahindra Lifespaces,Under Construction,Yes,North-East,Semi-Furnished,6690000.0,7247500.0,7805000.0,8362500.0,8920000.0,9477500.0,10035000.0,10592500.0,10927000.0
302,1786023688-302,Casagrand Oasis Gardens,3 BHK Flat,3 BHK,13450000.0,134.5,1570.0,3,3,8567.0,Koramangala,Bangalore,South,Casagrand,Ready To Move,Yes,East,Fully-Furnished,8070000.0,8742500.0,9415000.0,10087500.0,10760000.0,11432500.0,12105000.0,12777500.0,13181000.0
303,1786023688-303,Kolte-Patil Solitaire Haven,4 BHK Flat,4 BHK,19140000.0,191.4,1919.0,4,4,9974.0,Indiranagar,Bangalore,East,Kolte-Patil,Under Construction,Yes,West,Fully-Furnished,11484000.0,12441000.0,13398000.0,14355000.0,15312000.0,16269000.0,17226000.0,18183000.0,18757200.0
304,1786023688-304,Piramal Realty Signature Enclave,5 BHK Villa,5 BHK,17790000.0,177.9,2482.0,5,4,7168.0,HSR Layout,Bangalore,East,Piramal Realty,Under Construction,Yes,North,Unfurnished,10674000.0,11563500.0,12453000.0,13342500.0,14232000.0,15121500.0,16011000.0,16900500.0,17434200.0
305,1786023688-305,Prestige Group Crown Square,1 BHK Flat,1 BHK,5590000.0,55.9,656.0,1,1,8521.0,Electronic City,Bangalore,South,Prestige Group,Under Construction,Yes,North-East,Unfurnished,3354000.0,3633500.0,3913000.0,4192500.0,4472000.0,4751500.0,5031000.0,5310500.0,5478200.0
306,1786023688-306,DLF Limited Royal Plaza,2 BHK Flat,2 BHK,8290000.0,82.9,1086.0,2,2,7634.0,Hebbal,Bangalore,East,DLF Limited,Ready To Move,Yes,East,Semi-Furnished,4974000.0,5388500.0,5803000.0,6217500.0,6632000.0,7046500.0,7461000.0,7875500.0,8124200.0
307,1786023688-307,Godrej Properties Grand Terraces,3 BHK Flat,3 BHK,15040000.0,150.4,1494.0,3,3,10067.0,Yelahanka,Bangalore,North,Godrej Properties,Ready To Move,Yes,East,Semi-Furnished,9024000.0,9776000.0,10528000.0,11280000.0,12032000.0,12784000.0,13536000.0,14288000.0,14739200.0
308,1786023688-308,Sobha Limited Emerald Residences,4 BHK Flat,4 BHK,18110000.0,181.1,1901.0,4,4,9527.0,Sarjapur Road,Bangalore,East,Sobha Limited,Under Construction,Yes,North,Fully-Furnished,10866000.0,11771500.0,12677000.0,13582500.0,14488000.0,15393500.0,16299000.0,17204500.0,17747800.0
309,1786023688-309,Oberoi Realty Serene Greens,5 BHK Villa,5 BHK,22220000.0,222.2,2445.0,5,4,9088.0,Bellandur,Bangalore,South,Oberoi Realty,Under Construction,Yes,East,Fully-Furnished,13332000.0,14443000.0,15554000.0,16665000.0,17776000.0,18887000.0,19998000.0,21109000.0,21775600.0
310,1786023688-310,Hiranandani Group Skyline Estate,1 BHK Flat,1 BHK,6070000.0,60.7,698.0,1,1,8696.0,Thanisandra,Bangalore,East,Hiranandani Group,Under Construction,Yes,North,Fully-Furnished,3642000.0,3945500.0,4249000.0,4552500.0,4856000.0,5159500.0,5463000.0,5766500.0,5948600.0
311,1786023688-311,Lodha Group Imperia Heights,2 BHK Flat,2 BHK,9620000.0,96.2,1146.0,2,2,8394.0,Marathahalli,Bangalore,West,Lodha Group,Under Construction,Yes,East,Semi-Furnished,5772000.0,6253000.0,6734000.0,7215000.0,7696000.0,8177000.0,8658000.0,9139000.0,9427600.0
312,1786023688-312,Aparna Constructions Elegance Villas,3 BHK Flat,3 BHK,16080000.0,160.8,1580.0,3,3,10177.0,Jayanagar,Bangalore,Central,Aparna Constructions,Ready To Move,Yes,West,Semi-Furnished,9648000.0,10452000.0,11256000.0,12060000.0,12864000.0,13668000.0,14472000.0,15276000.0,15758400.0
313,1786023688-313,Brigade Group Urban Towers,4 BHK Flat,4 BHK,15680000.0,156.8,1865.0,4,4,8408.0,Rajajinagar,Bangalore,North,Brigade Group,Under Construction,Yes,West,Semi-Furnished,9408000.0,10192000.0,10976000.0,11760000.0,12544000.0,13328000.0,14112000.0,14896000.0,15366400.0
314,1786023688-314,Puravankara Central Park,5 BHK Villa,5 BHK,18570000.0,185.7,2360.0,5,4,7869.0,Banashankari,Bangalore,East,Puravankara,Under Construction,Yes,East,Fully-Furnished,11142000.0,12070500.0,12999000.0,13927500.0,14856000.0,15784500.0,16713000.0,17641500.0,18198600.0
315,1786023688-315,Rustomjee Valley Court,1 BHK Flat,1 BHK,7380000.0,73.8,745.0,1,1,9906.0,Malleshwaram,Bangalore,West,Rustomjee,Under Construction,Yes,West,Fully-Furnished,4428000.0,4797000.0,5166000.0,5535000.0,5904000.0,6273000.0,6642000.0,7011000.0,7232400.0
316,1786023688-316,Tata Housing Heights Gardens,2 BHK Flat,2 BHK,8970000.0,89.7,1024.0,2,2,8760.0,Kaggadasapura,Bangalore,West,Tata Housing,Ready To Move,Yes,East,Unfurnished,5382000.0,5830500.0,6279000.0,6727500.0,7176000.0,7624500.0,8073000.0,8521500.0,8790600.0
317,1786023688-317,Mahindra Lifespaces Palms Haven,3 BHK Flat,3 BHK,13500000.0,135.0,1514.0,3,3,8917.0,BTM Layout,Bangalore,West,Mahindra Lifespaces,Ready To Move,Yes,North,Unfurnished,8100000.0,8775000.0,9450000.0,10125000.0,10800000.0,11475000.0,12150000.0,12825000.0,13230000.0
318,1786023688-318,Casagrand Vista Enclave,4 BHK Flat,4 BHK,19990000.0,199.9,1972.0,4,4,10137.0,JP Nagar,Bangalore,South,Casagrand,Under Construction,Yes,North,Semi-Furnished,11994000.0,12993500.0,13993000.0,14992500.0,15992000.0,16991500.0,17991000.0,18990500.0,19590200.0
319,1786023688-319,Kolte-Patil Avenue Square,5 BHK Villa,5 BHK,22450000.0,224.5,2446.0,5,4,9178.0,C V Raman Nagar,Bangalore,South,Kolte-Patil,Under Construction,Yes,West,Unfurnished,13470000.0,14592500.0,15715000.0,16837500.0,17960000.0,19082500.0,20205000.0,21327500.0,22001000.0
320,1786023688-320,Piramal Realty Oasis Plaza,1 BHK Flat,1 BHK,5360000.0,53.6,649.0,1,1,8259.0,Varthur,Bangalore,South,Piramal Realty,Under Construction,Yes,West,Semi-Furnished,3216000.0,3484000.0,3752000.0,4020000.0,4288000.0,4556000.0,4824000.0,5092000.0,5252800.0
321,1786023688-321,Prestige Group Solitaire Terraces,2 BHK Flat,2 BHK,11280000.0,112.8,1157.0,2,2,9749.0,Whitefield,Bangalore,East,Prestige Group,Under Construction,Yes,North-East,Fully-Furnished,6768000.0,7332000.0,7896000.0,8460000.0,9024000.0,9588000.0,10152000.0,10716000.0,11054400.0
322,1786023688-322,DLF Limited Signature Residences,3 BHK Flat,3 BHK,11900000.0,119.0,1531.0,3,3,7773.0,Koramangala,Bangalore,Central,DLF Limited,Under Construction,Yes,West,Fully-Furnished,7140000.0,7735000.0,8330000.0,8925000.0,9520000.0,10115000.0,10710000.0,11305000.0,11662000.0
323,1786023688-323,Godrej Properties Crown Greens,4 BHK Flat,4 BHK,19220000.0,192.2,1888.0,4,4,10180.0,Indiranagar,Bangalore,West,Godrej Properties,Ready To Move,Yes,North-East,Unfurnished,11532000.0,12493000.0,13454000.0,14415000.0,15376000.0,16337000.0,17298000.0,18259000.0,18835600.0
324,1786023688-324,Sobha Limited Royal Estate,5 BHK Villa,5 BHK,20340000.0,203.4,2455.0,5,4,8285.0,HSR Layout,Bangalore,South,Sobha Limited,Under Construction,Yes,North,Unfurnished,12204000.0,13221000.0,14238000.0,15255000.0,16272000.0,17289000.0,18306000.0,19323000.0,19933200.0
325,1786023688-325,Oberoi Realty Grand Heights,1 BHK Flat,1 BHK,5080000.0,50.8,725.0,1,1,7007.0,Electronic City,Bangalore,South,Oberoi Realty,Under Construction,Yes,North-East,Unfurnished,3048000.0,3302000.0,3556000.0,3810000.0,4064000.0,4318000.0,4572000.0,4826000.0,4978400.0
326,1786023688-326,Hiranandani Group Emerald Villas,2 BHK Flat,2 BHK,11690000.0,116.9,1178.0,2,2,9924.0,Hebbal,Bangalore,West,Hiranandani Group,Under Construction,Yes,North-East,Fully-Furnished,7014000.0,7598500.0,8183000.0,8767500.0,9352000.0,9936500.0,10521000.0,11105500.0,11456200.0
327,1786023688-327,Lodha Group Serene Towers,3 BHK Flat,3 BHK,13140000.0,131.4,1486.0,3,3,8843.0,Yelahanka,Bangalore,Central,Lodha Group,Ready To Move,Yes,North,Fully-Furnished,7884000.0,8541000.0,9198000.0,9855000.0,10512000.0,11169000.0,11826000.0,12483000.0,12877200.0
328,1786023688-328,Aparna Constructions Skyline Park,4 BHK Flat,4 BHK,13740000.0,137.4,1992.0,4,4,6898.0,Sarjapur Road,Bangalore,North,Aparna Constructions,Ready To Move,Yes,North,Unfurnished,8244000.0,8931000.0,9618000.0,10305000.0,10992000.0,11679000.0,12366000.0,13053000.0,13465200.0
329,1786023688-329,Brigade Group Imperia Court,5 BHK Villa,5 BHK,22460000.0,224.6,2490.0,5,4,9020.0,Bellandur,Bangalore,West,Brigade Group,Ready To Move,Yes,East,Semi-Furnished,13476000.0,14599000.0,15722000.0,16845000.0,17968000.0,19091000.0,20214000.0,21337000.0,22010800.0
330,1786023688-330,Puravankara Elegance Gardens,1 BHK Flat,1 BHK,7160000.0,71.6,711.0,1,1,10070.0,Thanisandra,Bangalore,East,Puravankara,Ready To Move,Yes,West,Unfurnished,4296000.0,4654000.0,5012000.0,5370000.0,5728000.0,6086000.0,6444000.0,6802000.0,7016800.0
331,1786023688-331,Rustomjee Urban Haven,2 BHK Flat,2 BHK,10250000.0,102.5,1088.0,2,2,9421.0,Marathahalli,Bangalore,West,Rustomjee,Ready To Move,Yes,East,Fully-Furnished,6150000.0,6662500.0,7175000.0,7687500.0,8200000.0,8712500.0,9225000.0,9737500.0,10045000.0
332,1786023688-332,Tata Housing Central Enclave,3 BHK Flat,3 BHK,11750000.0,117.5,1607.0,3,3,7312.0,Jayanagar,Bangalore,East,Tata Housing,Under Construction,Yes,North-East,Unfurnished,7050000.0,7637500.0,8225000.0,8812500.0,9400000.0,9987500.0,10575000.0,11162500.0,11515000.0
333,1786023688-333,Mahindra Lifespaces Valley Square,4 BHK Flat,4 BHK,19670000.0,196.7,2023.0,4,4,9723.0,Rajajinagar,Bangalore,East,Mahindra Lifespaces,Ready To Move,Yes,West,Semi-Furnished,11802000.0,12785500.0,13769000.0,14752500.0,15736000.0,16719500.0,17703000.0,18686500.0,19276600.0
334,1786023688-334,Casagrand Heights Plaza,5 BHK Villa,5 BHK,19460000.0,194.6,2389.0,5,4,8146.0,Banashankari,Bangalore,East,Casagrand,Under Construction,Yes,East,Unfurnished,11676000.0,12649000.0,13622000.0,14595000.0,15568000.0,16541000.0,17514000.0,18487000.0,19070800.0
335,1786023688-335,Kolte-Patil Palms Terraces,1 BHK Flat,1 BHK,7240000.0,72.4,747.0,1,1,9692.0,Malleshwaram,Bangalore,West,Kolte-Patil,Ready To Move,Yes,North-East,Fully-Furnished,4344000.0,4706000.0,5068000.0,5430000.0,5792000.0,6154000.0,6516000.0,6878000.0,7095200.0
336,1786023688-336,Piramal Realty Vista Residences,2 BHK Flat,2 BHK,8110000.0,81.1,1006.0,2,2,8062.0,Kaggadasapura,Bangalore,West,Piramal Realty,Under Construction,Yes,East,Unfurnished,4866000.0,5271500.0,5677000.0,6082500.0,6488000.0,6893500.0,7299000.0,7704500.0,7947800.0
337,1786023688-337,Prestige Group Avenue Greens,3 BHK Flat,3 BHK,12070000.0,120.7,1406.0,3,3,8585.0,BTM Layout,Bangalore,South,Prestige Group,Ready To Move,Yes,West,Semi-Furnished,7242000.0,7845500.0,8449000.0,9052500.0,9656000.0,10259500.0,10863000.0,11466500.0,11828600.0
338,1786023688-338,DLF Limited Oasis Estate,4 BHK Flat,4 BHK,14350000.0,143.5,2072.0,4,4,6926.0,JP Nagar,Bangalore,South,DLF Limited,Under Construction,Yes,West,Unfurnished,8610000.0,9327500.0,10045000.0,10762500.0,11480000.0,12197500.0,12915000.0,13632500.0,14063000.0
339,1786023688-339,Godrej Properties Solitaire Heights,5 BHK Villa,5 BHK,19920000.0,199.2,2401.0,5,4,8297.0,C V Raman Nagar,Bangalore,Central,Godrej Properties,Under Construction,Yes,North,Fully-Furnished,11952000.0,12948000.0,13944000.0,14940000.0,15936000.0,16932000.0,17928000.0,18924000.0,19521600.0
340,1786023688-340,Sobha Limited Signature Villas,1 BHK Flat,1 BHK,5310000.0,53.1,716.0,1,1,7416.0,Varthur,Bangalore,East,Sobha Limited,Ready To Move,Yes,North,Unfurnished,3186000.0,3451500.0,3717000.0,3982500.0,4248000.0,4513500.0,4779000.0,5044500.0,5203800.0
341,1786023688-341,Oberoi Realty Crown Towers,2 BHK Flat,2 BHK,8640000.0,86.4,989.0,2,2,8736.0,Whitefield,Bangalore,West,Oberoi Realty,Under Construction,Yes,West,Fully-Furnished,5184000.0,5616000.0,6048000.0,6480000.0,6912000.0,7344000.0,7776000.0,8208000.0,8467200.0
342,1786023688-342,Hiranandani Group Royal Park,3 BHK Flat,3 BHK,11680000.0,116.8,1594.0,3,3,7327.0,Koramangala,Bangalore,West,Hiranandani Group,Ready To Move,Yes,North,Unfurnished,7008000.0,7592000.0,8176000.0,8760000.0,9344000.0,9928000.0,10512000.0,11096000.0,11446400.0
343,1786023688-343,Lodha Group Grand Court,4 BHK Flat,4 BHK,14690000.0,146.9,2099.0,4,4,6999.0,Indiranagar,Bangalore,Central,Lodha Group,Ready To Move,Yes,East,Fully-Furnished,8814000.0,9548500.0,10283000.0,11017500.0,11752000.0,12486500.0,13221000.0,13955500.0,14396200.0
344,1786023688-344,Aparna Constructions Emerald Gardens,5 BHK Villa,5 BHK,18990000.0,189.9,2340.0,5,4,8115.0,HSR Layout,Bangalore,Central,Aparna Constructions,Under Construction,Yes,North,Fully-Furnished,11394000.0,12343500.0,13293000.0,14242500.0,15192000.0,16141500.0,17091000.0,18040500.0,18610200.0
345,1786023688-345,Brigade Group Serene Haven,1 BHK Flat,1 BHK,6620000.0,66.2,669.0,1,1,9895.0,Electronic City,Bangalore,East,Brigade Group,Under Construction,Yes,North-East,Fully-Furnished,3972000.0,4303000.0,4634000.0,4965000.0,5296000.0,5627000.0,5958000.0,6289000.0,6487600.0
346,1786023688-346,Puravankara Skyline Enclave,2 BHK Flat,2 BHK,7090000.0,70.9,1003.0,2,2,7069.0,Hebbal,Bangalore,North,Puravankara,Under Construction,Yes,North-East,Semi-Furnished,4254000.0,4608500.0,4963000.0,5317500.0,5672000.0,6026500.0,6381000.0,6735500.0,6948200.0
347,1786023688-347,Rustomjee Imperia Square,3 BHK Flat,3 BHK,15580000.0,155.8,1571.0,3,3,9917.0,Yelahanka,Bangalore,West,Rustomjee,Ready To Move,Yes,West,Semi-Furnished,9348000.0,10127000.0,10906000.0,11685000.0,12464000.0,13243000.0,14022000.0,14801000.0,15268400.0
348,1786023688-348,Tata Housing Elegance Plaza,4 BHK Flat,4 BHK,15900000.0,159.0,2089.0,4,4,7611.0,Sarjapur Road,Bangalore,South,Tata Housing,Under Construction,Yes,North,Unfurnished,9540000.0,10335000.0,11130000.0,11925000.0,12720000.0,13515000.0,14310000.0,15105000.0,15582000.0
349,1786023688-349,Mahindra Lifespaces Urban Terraces,5 BHK Villa,5 BHK,20200000.0,202.0,2482.0,5,4,8139.0,Bellandur,Bangalore,South,Mahindra Lifespaces,Under Construction,Yes,West,Semi-Furnished,12120000.0,13130000.0,14140000.0,15150000.0,16160000.0,17170000.0,18180000.0,19190000.0,19796000.0
350,1786023688-350,Casagrand Central Residences,1 BHK Flat,1 BHK,6610000.0,66.1,648.0,1,1,10201.0,Thanisandra,Bangalore,East,Casagrand,Under Construction,Yes,East,Semi-Furnished,3966000.0,4296500.0,4627000.0,4957500.0,5288000.0,5618500.0,5949000.0,6279500.0,6477800.0
351,1786023688-351,Kolte-Patil Valley Greens,2 BHK Flat,2 BHK,11480000.0,114.8,1173.0,2,2,9787.0,Marathahalli,Bangalore,East,Kolte-Patil,Under Construction,Yes,North-East,Semi-Furnished,6888000.0,7462000.0,8036000.0,8610000.0,9184000.0,9758000.0,10332000.0,10906000.0,11250400.0
352,1786023688-352,Piramal Realty Heights Estate,3 BHK Flat,3 BHK,15850000.0,158.5,1590.0,3,3,9969.0,Jayanagar,Bangalore,Central,Piramal Realty,Under Construction,Yes,North,Fully-Furnished,9510000.0,10302500.0,11095000.0,11887500.0,12680000.0,13472500.0,14265000.0,15057500.0,15533000.0
353,1786023688-353,Prestige Group Palms Heights,4 BHK Flat,4 BHK,20880000.0,208.8,2065.0,4,4,10111.0,Rajajinagar,Bangalore,West,Prestige Group,Under Construction,Yes,North-East,Fully-Furnished,12528000.0,13572000.0,14616000.0,15660000.0,16704000.0,17748000.0,18792000.0,19836000.0,20462400.0
354,1786023688-354,DLF Limited Vista Villas,5 BHK Villa,5 BHK,23920000.0,239.2,2380.0,5,4,10050.0,Banashankari,Bangalore,West,DLF Limited,Ready To Move,Yes,East,Semi-Furnished,14352000.0,15548000.0,16744000.0,17940000.0,19136000.0,20332000.0,21528000.0,22724000.0,23441600.0
355,1786023688-355,Godrej Properties Avenue Towers,1 BHK Flat,1 BHK,4900000.0,49.0,593.0,1,1,8263.0,Malleshwaram,Bangalore,East,Godrej Properties,Under Construction,Yes,North,Semi-Furnished,2940000.0,3185000.0,3430000.0,3675000.0,3920000.0,4165000.0,4410000.0,4655000.0,4802000.0
356,1786023688-356,Sobha Limited Oasis Park,2 BHK Flat,2 BHK,9260000.0,92.6,1031.0,2,2,8982.0,Kaggadasapura,Bangalore,Central,Sobha Limited,Ready To Move,Yes,East,Unfurnished,5556000.0,6019000.0,6482000.0,6945000.0,7408000.0,7871000.0,8334000.0,8797000.0,9074800.0
357,1786023688-357,Oberoi Realty Solitaire Court,3 BHK Flat,3 BHK,13500000.0,135.0,1573.0,3,3,8582.0,BTM Layout,Bangalore,South,Oberoi Realty,Under Construction,Yes,North-East,Unfurnished,8100000.0,8775000.0,9450000.0,10125000.0,10800000.0,11475000.0,12150000.0,12825000.0,13230000.0
358,1786023688-358,Hiranandani Group Signature Gardens,4 BHK Flat,4 BHK,17580000.0,175.8,1929.0,4,4,9114.0,JP Nagar,Bangalore,South,Hiranandani Group,Under Construction,Yes,West,Fully-Furnished,10548000.0,11427000.0,12306000.0,13185000.0,14064000.0,14943000.0,15822000.0,16701000.0,17228400.0
359,1786023688-359,Lodha Group Crown Haven,5 BHK Villa,5 BHK,17580000.0,175.8,2370.0,5,4,7418.0,C V Raman Nagar,Bangalore,North,Lodha Group,Under Construction,Yes,West,Fully-Furnished,10548000.0,11427000.0,12306000.0,13185000.0,14064000.0,14943000.0,15822000.0,16701000.0,17228400.0
360,1786023688-360,Aparna Constructions Royal Enclave,1 BHK Flat,1 BHK,5090000.0,50.9,668.0,1,1,7620.0,Varthur,Bangalore,South,Aparna Constructions,Ready To Move,Yes,West,Unfurnished,3054000.0,3308500.0,3563000.0,3817500.0,4072000.0,4326500.0,4581000.0,4835500.0,4988200.0
361,1786023688-361,Brigade Group Grand Square,2 BHK Flat,2 BHK,8900000.0,89.0,987.0,2,2,9017.0,Whitefield,Bangalore,Central,Brigade Group,Ready To Move,Yes,East,Fully-Furnished,5340000.0,5785000.0,6230000.0,6675000.0,7120000.0,7565000.0,8010000.0,8455000.0,8722000.0
362,1786023688-362,Puravankara Emerald Plaza,3 BHK Flat,3 BHK,12640000.0,126.4,1625.0,3,3,7778.0,Koramangala,Bangalore,Central,Puravankara,Under Construction,Yes,North,Unfurnished,7584000.0,8216000.0,8848000.0,9480000.0,10112000.0,10744000.0,11376000.0,12008000.0,12387200.0
363,1786023688-363,Rustomjee Serene Terraces,4 BHK Flat,4 BHK,17740000.0,177.4,1943.0,4,4,9130.0,Indiranagar,Bangalore,West,Rustomjee,Ready To Move,Yes,West,Semi-Furnished,10644000.0,11531000.0,12418000.0,13305000.0,14192000.0,15079000.0,15966000.0,16853000.0,17385200.0
364,1786023688-364,Tata Housing Skyline Residences,5 BHK Villa,5 BHK,18870000.0,188.7,2352.0,5,4,8023.0,HSR Layout,Bangalore,West,Tata Housing,Ready To Move,Yes,East,Fully-Furnished,11322000.0,12265500.0,13209000.0,14152500.0,15096000.0,16039500.0,16983000.0,17926500.0,18492600.0
365,1786023688-365,Mahindra Lifespaces Imperia Greens,1 BHK Flat,1 BHK,5160000.0,51.6,527.0,1,1,9791.0,Electronic City,Bangalore,South,Mahindra Lifespaces,Under Construction,Yes,East,Semi-Furnished,3096000.0,3354000.0,3612000.0,3870000.0,4128000.0,4386000.0,4644000.0,4902000.0,5056800.0
366,1786023688-366,Casagrand Elegance Estate,2 BHK Flat,2 BHK,9140000.0,91.4,1090.0,2,2,8385.0,Hebbal,Bangalore,South,Casagrand,Ready To Move,Yes,East,Fully-Furnished,5484000.0,5941000.0,6398000.0,6855000.0,7312000.0,7769000.0,8226000.0,8683000.0,8957200.0
367,1786023688-367,Kolte-Patil Urban Heights,3 BHK Flat,3 BHK,14330000.0,143.3,1527.0,3,3,9384.0,Yelahanka,Bangalore,East,Kolte-Patil,Under Construction,Yes,East,Semi-Furnished,8598000.0,9314500.0,10031000.0,10747500.0,11464000.0,12180500.0,12897000.0,13613500.0,14043400.0
368,1786023688-368,Piramal Realty Central Villas,4 BHK Flat,4 BHK,16410000.0,164.1,1887.0,4,4,8696.0,Sarjapur Road,Bangalore,West,Piramal Realty,Under Construction,Yes,West,Fully-Furnished,9846000.0,10666500.0,11487000.0,12307500.0,13128000.0,13948500.0,14769000.0,15589500.0,16081800.0
369,1786023688-369,Prestige Group Valley Towers,5 BHK Villa,5 BHK,20610000.0,206.1,2331.0,5,4,8842.0,Bellandur,Bangalore,Central,Prestige Group,Ready To Move,Yes,North-East,Unfurnished,12366000.0,13396500.0,14427000.0,15457500.0,16488000.0,17518500.0,18549000.0,19579500.0,20197800.0
370,1786023688-370,DLF Limited Heights Park,1 BHK Flat,1 BHK,5630000.0,56.3,708.0,1,1,7952.0,Thanisandra,Bangalore,Central,DLF Limited,Ready To Move,Yes,West,Fully-Furnished,3378000.0,3659500.0,3941000.0,4222500.0,4504000.0,4785500.0,5067000.0,5348500.0,5517400.0
371,1786023688-371,Godrej Properties Palms Court,2 BHK Flat,2 BHK,7470000.0,74.7,1043.0,2,2,7162.0,Marathahalli,Bangalore,South,Godrej Properties,Under Construction,Yes,East,Semi-Furnished,4482000.0,4855500.0,5229000.0,5602500.0,5976000.0,6349500.0,6723000.0,7096500.0,7320600.0
372,1786023688-372,Sobha Limited Vista Gardens,3 BHK Flat,3 BHK,13570000.0,135.7,1628.0,3,3,8335.0,Jayanagar,Bangalore,South,Sobha Limited,Under Construction,Yes,East,Fully-Furnished,8142000.0,8820500.0,9499000.0,10177500.0,10856000.0,11534500.0,12213000.0,12891500.0,13298600.0
373,1786023688-373,Oberoi Realty Avenue Haven,4 BHK Flat,4 BHK,17030000.0,170.3,1980.0,4,4,8601.0,Rajajinagar,Bangalore,North,Oberoi Realty,Ready To Move,Yes,North-East,Unfurnished,10218000.0,11069500.0,11921000.0,12772500.0,13624000.0,14475500.0,15327000.0,16178500.0,16689400.0
374,1786023688-374,Hiranandani Group Oasis Enclave,5 BHK Villa,5 BHK,19660000.0,196.6,2400.0,5,4,8192.0,Banashankari,Bangalore,Central,Hiranandani Group,Ready To Move,Yes,East,Fully-Furnished,11796000.0,12779000.0,13762000.0,14745000.0,15728000.0,16711000.0,17694000.0,18677000.0,19266800.0
375,1786023688-375,Lodha Group Solitaire Square,1 BHK Flat,1 BHK,4450000.0,44.5,551.0,1,1,8076.0,Malleshwaram,Bangalore,Central,Lodha Group,Ready To Move,Yes,East,Semi-Furnished,2670000.0,2892500.0,3115000.0,3337500.0,3560000.0,3782500.0,4005000.0,4227500.0,4361000.0
376,1786023688-376,Aparna Constructions Signature Plaza,2 BHK Flat,2 BHK,7570000.0,75.7,1102.0,2,2,6869.0,Kaggadasapura,Bangalore,South,Aparna Constructions,Under Construction,Yes,North-East,Semi-Furnished,4542000.0,4920500.0,5299000.0,5677500.0,6056000.0,6434500.0,6813000.0,7191500.0,7418600.0
377,1786023688-377,Brigade Group Crown Terraces,3 BHK Flat,3 BHK,15070000.0,150.7,1490.0,3,3,10114.0,BTM Layout,Bangalore,South,Brigade Group,Under Construction,Yes,East,Unfurnished,9042000.0,9795500.0,10549000.0,11302500.0,12056000.0,12809500.0,13563000.0,14316500.0,14768600.0
378,1786023688-378,Puravankara Royal Residences,4 BHK Flat,4 BHK,18840000.0,188.4,1978.0,4,4,9525.0,JP Nagar,Bangalore,Central,Puravankara,Ready To Move,Yes,East,Semi-Furnished,11304000.0,12246000.0,13188000.0,14130000.0,15072000.0,16014000.0,16956000.0,17898000.0,18463200.0
379,1786023688-379,Rustomjee Grand Greens,5 BHK Villa,5 BHK,23240000.0,232.4,2332.0,5,4,9966.0,C V Raman Nagar,Bangalore,North,Rustomjee,Ready To Move,Yes,North-East,Unfurnished,13944000.0,15106000.0,16268000.0,17430000.0,18592000.0,19754000.0,20916000.0,22078000.0,22775200.0
380,1786023688-380,Tata Housing Emerald Estate,1 BHK Flat,1 BHK,5430000.0,54.3,732.0,1,1,7418.0,Varthur,Bangalore,South,Tata Housing,Ready To Move,Yes,North,Fully-Furnished,3258000.0,3529500.0,3801000.0,4072500.0,4344000.0,4615500.0,4887000.0,5158500.0,5321400.0
381,1786023688-381,Mahindra Lifespaces Serene Heights,2 BHK Flat,2 BHK,8840000.0,88.4,1096.0,2,2,8066.0,Whitefield,Bangalore,South,Mahindra Lifespaces,Ready To Move,Yes,East,Semi-Furnished,5304000.0,5746000.0,6188000.0,6630000.0,7072000.0,7514000.0,7956000.0,8398000.0,8663200.0
382,1786023688-382,Casagrand Skyline Villas,3 BHK Flat,3 BHK,10900000.0,109.0,1426.0,3,3,7644.0,Koramangala,Bangalore,North,Casagrand,Ready To Move,Yes,North,Semi-Furnished,6540000.0,7085000.0,7630000.0,8175000.0,8720000.0,9265000.0,9810000.0,10355000.0,10682000.0
383,1786023688-383,Kolte-Patil Imperia Towers,4 BHK Flat,4 BHK,14160000.0,141.6,1993.0,4,4,7105.0,Indiranagar,Bangalore,North,Kolte-Patil,Ready To Move,Yes,North,Unfurnished,8496000.0,9204000.0,9912000.0,10620000.0,11328000.0,12036000.0,12744000.0,13452000.0,13876800.0
384,1786023688-384,Piramal Realty Elegance Park,5 BHK Villa,5 BHK,19330000.0,193.3,2340.0,5,4,8261.0,HSR Layout,Bangalore,East,Piramal Realty,Ready To Move,Yes,West,Semi-Furnished,11598000.0,12564500.0,13531000.0,14497500.0,15464000.0,16430500.0,17397000.0,18363500.0,18943400.0
385,1786023688-385,Prestige Group Urban Court,1 BHK Flat,1 BHK,4580000.0,45.8,615.0,1,1,7447.0,Electronic City,Bangalore,South,Prestige Group,Ready To Move,Yes,East,Unfurnished,2748000.0,2977000.0,3206000.0,3435000.0,3664000.0,3893000.0,4122000.0,4351000.0,4488400.0
386,1786023688-386,DLF Limited Central Gardens,2 BHK Flat,2 BHK,8210000.0,82.1,1010.0,2,2,8129.0,Hebbal,Bangalore,South,DLF Limited,Under Construction,Yes,East,Fully-Furnished,4926000.0,5336500.0,5747000.0,6157500.0,6568000.0,6978500.0,7389000.0,7799500.0,8045800.0
387,1786023688-387,Godrej Properties Valley Haven,3 BHK Flat,3 BHK,10290000.0,102.9,1460.0,3,3,7048.0,Yelahanka,Bangalore,East,Godrej Properties,Under Construction,Yes,North-East,Fully-Furnished,6174000.0,6688500.0,7203000.0,7717500.0,8232000.0,8746500.0,9261000.0,9775500.0,10084200.0
388,1786023688-388,Sobha Limited Heights Enclave,4 BHK Flat,4 BHK,13930000.0,139.3,1861.0,4,4,7485.0,Sarjapur Road,Bangalore,West,Sobha Limited,Under Construction,Yes,North,Fully-Furnished,8358000.0,9054500.0,9751000.0,10447500.0,11144000.0,11840500.0,12537000.0,13233500.0,13651400.0
389,1786023688-389,Oberoi Realty Palms Square,5 BHK Villa,5 BHK,19310000.0,193.1,2316.0,5,4,8338.0,Bellandur,Bangalore,Central,Oberoi Realty,Under Construction,Yes,North,Fully-Furnished,11586000.0,12551500.0,13517000.0,14482500.0,15448000.0,16413500.0,17379000.0,18344500.0,18923800.0
390,1786023688-390,Hiranandani Group Vista Plaza,1 BHK Flat,1 BHK,4220000.0,42.2,536.0,1,1,7873.0,Thanisandra,Bangalore,East,Hiranandani Group,Under Construction,Yes,East,Semi-Furnished,2532000.0,2743000.0,2954000.0,3165000.0,3376000.0,3587000.0,3798000.0,4009000.0,4135600.0
391,1786023688-391,Lodha Group Avenue Terraces,2 BHK Flat,2 BHK,9620000.0,96.2,1145.0,2,2,8402.0,Marathahalli,Bangalore,South,Lodha Group,Under Construction,Yes,East,Fully-Furnished,5772000.0,6253000.0,6734000.0,7215000.0,7696000.0,8177000.0,8658000.0,9139000.0,9427600.0
392,1786023688-392,Aparna Constructions Oasis Residences,3 BHK Flat,3 BHK,15290000.0,152.9,1565.0,3,3,9770.0,Jayanagar,Bangalore,Central,Aparna Constructions,Ready To Move,Yes,North,Fully-Furnished,9174000.0,9938500.0,10703000.0,11467500.0,12232000.0,12996500.0,13761000.0,14525500.0,14984200.0
393,1786023688-393,Brigade Group Solitaire Greens,4 BHK Flat,4 BHK,13390000.0,133.9,1938.0,4,4,6909.0,Rajajinagar,Bangalore,Central,Brigade Group,Under Construction,Yes,West,Fully-Furnished,8034000.0,8703500.0,9373000.0,10042500.0,10712000.0,11381500.0,12051000.0,12720500.0,13122200.0
394,1786023688-394,Puravankara Signature Estate,5 BHK Villa,5 BHK,24900000.0,249.0,2465.0,5,4,10101.0,Banashankari,Bangalore,North,Puravankara,Ready To Move,Yes,North-East,Semi-Furnished,14940000.0,16185000.0,17430000.0,18675000.0,19920000.0,21165000.0,22410000.0,23655000.0,24402000.0
395,1786023688-395,Rustomjee Crown Heights,1 BHK Flat,1 BHK,4940000.0,49.4,633.0,1,1,7804.0,Malleshwaram,Bangalore,South,Rustomjee,Ready To Move,Yes,North,Fully-Furnished,2964000.0,3211000.0,3458000.0,3705000.0,3952000.0,4199000.0,4446000.0,4693000.0,4841200.0
396,1786023688-396,Tata Housing Royal Villas,2 BHK Flat,2 BHK,8710000.0,87.1,1181.0,2,2,7375.0,Kaggadasapura,Bangalore,North,Tata Housing,Under Construction,Yes,East,Unfurnished,5226000.0,5661500.0,6097000.0,6532500.0,6968000.0,7403500.0,7839000.0,8274500.0,8535800.0
397,1786023688-397,Mahindra Lifespaces Grand Towers,3 BHK Flat,3 BHK,14810000.0,148.1,1504.0,3,3,9847.0,BTM Layout,Bangalore,South,Mahindra Lifespaces,Ready To Move,Yes,North,Semi-Furnished,8886000.0,9626500.0,10367000.0,11107500.0,11848000.0,12588500.0,13329000.0,14069500.0,14513800.0
398,1786023688-398,Casagrand Emerald Park,4 BHK Flat,4 BHK,16820000.0,168.2,1930.0,4,4,8715.0,JP Nagar,Bangalore,South,Casagrand,Under Construction,Yes,North-East,Fully-Furnished,10092000.0,10933000.0,11774000.0,12615000.0,13456000.0,14297000.0,15138000.0,15979000.0,16483600.0
399,1786023688-399,Kolte-Patil Serene Court,5 BHK Villa,5 BHK,19410000.0,194.1,2542.0,5,4,7636.0,C V Raman Nagar,Bangalore,Central,Kolte-Patil,Ready To Move,Yes,West,Fully-Furnished,11646000.0,12616500.0,13587000.0,14557500.0,15528000.0,16498500.0,17469000.0,18439500.0,19021800.0
400,1786023688-400,Piramal Realty Skyline Gardens,1 BHK Flat,1 BHK,4910000.0,49.1,504.0,1,1,9742.0,Varthur,Bangalore,East,Piramal Realty,Under Construction,Yes,East,Semi-Furnished,2946000.0,3191500.0,3437000.0,3682500.0,3928000.0,4173500.0,4419000.0,4664500.0,4811800.0
401,1786023688-401,Prestige Group Imperia Haven,2 BHK Flat,2 BHK,8640000.0,86.4,1175.0,2,2,7353.0,Whitefield,Bangalore,North,Prestige Group,Under Construction,Yes,East,Fully-Furnished,5184000.0,5616000.0,6048000.0,6480000.0,6912000.0,7344000.0,7776000.0,8208000.0,8467200.0
402,1786023688-402,DLF Limited Elegance Enclave,3 BHK Flat,3 BHK,13340000.0,133.4,1645.0,3,3,8109.0,Koramangala,Bangalore,Central,DLF Limited,Ready To Move,Yes,East,Semi-Furnished,8004000.0,8671000.0,9338000.0,10005000.0,10672000.0,11339000.0,12006000.0,12673000.0,13073200.0
403,1786023688-403,Godrej Properties Urban Square,4 BHK Flat,4 BHK,17330000.0,173.3,1921.0,4,4,9021.0,Indiranagar,Bangalore,North,Godrej Properties,Under Construction,Yes,North,Semi-Furnished,10398000.0,11264500.0,12131000.0,12997500.0,13864000.0,14730500.0,15597000.0,16463500.0,16983400.0
404,1786023688-404,Sobha Limited Central Plaza,5 BHK Villa,5 BHK,20850000.0,208.5,2317.0,5,4,8999.0,HSR Layout,Bangalore,North,Sobha Limited,Ready To Move,Yes,East,Semi-Furnished,12510000.0,13552500.0,14595000.0,15637500.0,16680000.0,17722500.0,18765000.0,19807500.0,20433000.0
405,1786023688-405,Oberoi Realty Valley Terraces,1 BHK Flat,1 BHK,5450000.0,54.5,546.0,1,1,9982.0,Electronic City,Bangalore,East,Oberoi Realty,Ready To Move,Yes,North-East,Unfurnished,3270000.0,3542500.0,3815000.0,4087500.0,4360000.0,4632500.0,4905000.0,5177500.0,5341000.0
406,1786023688-406,Hiranandani Group Heights Residences,2 BHK Flat,2 BHK,9690000.0,96.9,1116.0,2,2,8683.0,Hebbal,Bangalore,Central,Hiranandani Group,Ready To Move,Yes,East,Fully-Furnished,5814000.0,6298500.0,6783000.0,7267500.0,7752000.0,8236500.0,8721000.0,9205500.0,9496200.0
407,1786023688-407,Lodha Group Palms Greens,3 BHK Flat,3 BHK,11000000.0,110.0,1585.0,3,3,6940.0,Yelahanka,Bangalore,South,Lodha Group,Ready To Move,Yes,North,Fully-Furnished,6600000.0,7150000.0,7700000.0,8250000.0,8800000.0,9350000.0,9900000.0,10450000.0,10780000.0
408,1786023688-408,Aparna Constructions Vista Estate,4 BHK Flat,4 BHK,18600000.0,186.0,1858.0,4,4,10011.0,Sarjapur Road,Bangalore,South,Aparna Constructions,Under Construction,Yes,North-East,Unfurnished,11160000.0,12090000.0,13020000.0,13950000.0,14880000.0,15810000.0,16740000.0,17670000.0,18228000.0
409,1786023688-409,Brigade Group Avenue Heights,5 BHK Villa,5 BHK,21150000.0,211.5,2514.0,5,4,8413.0,Bellandur,Bangalore,Central,Brigade Group,Under Construction,Yes,North,Unfurnished,12690000.0,13747500.0,14805000.0,15862500.0,16920000.0,17977500.0,19035000.0,20092500.0,20727000.0
410,1786023688-410,Puravankara Oasis Villas,1 BHK Flat,1 BHK,5330000.0,53.3,748.0,1,1,7126.0,Thanisandra,Bangalore,Central,Puravankara,Under Construction,Yes,North,Unfurnished,3198000.0,3464500.0,3731000.0,3997500.0,4264000.0,4530500.0,4797000.0,5063500.0,5223400.0
411,1786023688-411,Rustomjee Solitaire Towers,2 BHK Flat,2 BHK,9020000.0,90.2,958.0,2,2,9415.0,Marathahalli,Bangalore,East,Rustomjee,Ready To Move,Yes,North,Fully-Furnished,5412000.0,5863000.0,6314000.0,6765000.0,7216000.0,7667000.0,8118000.0,8569000.0,8839600.0
412,1786023688-412,Tata Housing Signature Park,3 BHK Flat,3 BHK,14910000.0,149.1,1598.0,3,3,9330.0,Jayanagar,Bangalore,East,Tata Housing,Ready To Move,Yes,North,Fully-Furnished,8946000.0,9691500.0,10437000.0,11182500.0,11928000.0,12673500.0,13419000.0,14164500.0,14611800.0
413,1786023688-413,Mahindra Lifespaces Crown Court,4 BHK Flat,4 BHK,18030000.0,180.3,2038.0,4,4,8847.0,Rajajinagar,Bangalore,North,Mahindra Lifespaces,Under Construction,Yes,East,Semi-Furnished,10818000.0,11719500.0,12621000.0,13522500.0,14424000.0,15325500.0,16227000.0,17128500.0,17669400.0
414,1786023688-414,Casagrand Royal Gardens,5 BHK Villa,5 BHK,23300000.0,233.0,2450.0,5,4,9510.0,Banashankari,Bangalore,Central,Casagrand,Ready To Move,Yes,North-East,Fully-Furnished,13980000.0,15145000.0,16310000.0,17475000.0,18640000.0,19805000.0,20970000.0,22135000.0,22834000.0
415,1786023688-415,Kolte-Patil Grand Haven,1 BHK Flat,1 BHK,5120000.0,51.2,626.0,1,1,8179.0,Malleshwaram,Bangalore,West,Kolte-Patil,Under Construction,Yes,North-East,Unfurnished,3072000.0,3328000.0,3584000.0,3840000.0,4096000.0,4352000.0,4608000.0,4864000.0,5017600.0
416,1786023688-416,Piramal Realty Emerald Enclave,2 BHK Flat,2 BHK,9010000.0,90.1,1075.0,2,2,8381.0,Kaggadasapura,Bangalore,North,Piramal Realty,Ready To Move,Yes,West,Fully-Furnished,5406000.0,5856500.0,6307000.0,6757500.0,7208000.0,7658500.0,8109000.0,8559500.0,8829800.0
417,1786023688-417,Prestige Group Serene Square,3 BHK Flat,3 BHK,13140000.0,131.4,1418.0,3,3,9267.0,BTM Layout,Bangalore,South,Prestige Group,Ready To Move,Yes,West,Unfurnished,7884000.0,8541000.0,9198000.0,9855000.0,10512000.0,11169000.0,11826000.0,12483000.0,12877200.0
418,1786023688-418,DLF Limited Skyline Plaza,4 BHK Flat,4 BHK,18580000.0,185.8,1960.0,4,4,9480.0,JP Nagar,Bangalore,South,DLF Limited,Ready To Move,Yes,North,Fully-Furnished,11148000.0,12077000.0,13006000.0,13935000.0,14864000.0,15793000.0,16722000.0,17651000.0,18208400.0
419,1786023688-419,Godrej Properties Imperia Terraces,5 BHK Villa,5 BHK,19940000.0,199.4,2366.0,5,4,8428.0,C V Raman Nagar,Bangalore,West,Godrej Properties,Under Construction,Yes,North,Fully-Furnished,11964000.0,12961000.0,13958000.0,14955000.0,15952000.0,16949000.0,17946000.0,18943000.0,19541200.0
420,1786023688-420,Sobha Limited Elegance Residences,1 BHK Flat,1 BHK,5340000.0,53.4,575.0,1,1,9287.0,Varthur,Bangalore,West,Sobha Limited,Under Construction,Yes,North-East,Semi-Furnished,3204000.0,3471000.0,3738000.0,4005000.0,4272000.0,4539000.0,4806000.0,5073000.0,5233200.0
421,1786023688-421,Oberoi Realty Urban Greens,2 BHK Flat,2 BHK,8230000.0,82.3,1200.0,2,2,6858.0,Whitefield,Bangalore,North,Oberoi Realty,Under Construction,Yes,East,Fully-Furnished,4938000.0,5349500.0,5761000.0,6172500.0,6584000.0,6995500.0,7407000.0,7818500.0,8065400.0
422,1786023688-422,Hiranandani Group Central Estate,3 BHK Flat,3 BHK,12080000.0,120.8,1459.0,3,3,8280.0,Koramangala,Bangalore,East,Hiranandani Group,Ready To Move,Yes,North-East,Fully-Furnished,7248000.0,7852000.0,8456000.0,9060000.0,9664000.0,10268000.0,10872000.0,11476000.0,11838400.0
423,1786023688-423,Lodha Group Valley Heights,4 BHK Flat,4 BHK,19190000.0,191.9,2029.0,4,4,9458.0,Indiranagar,Bangalore,Central,Lodha Group,Ready To Move,Yes,North,Unfurnished,11514000.0,12473500.0,13433000.0,14392500.0,15352000.0,16311500.0,17271000.0,18230500.0,18806200.0
424,1786023688-424,Aparna Constructions Heights Villas,5 BHK Villa,5 BHK,20950000.0,209.5,2334.0,5,4,8976.0,HSR Layout,Bangalore,North,Aparna Constructions,Ready To Move,Yes,North-East,Semi-Furnished,12570000.0,13617500.0,14665000.0,15712500.0,16760000.0,17807500.0,18855000.0,19902500.0,20531000.0
425,1786023688-425,Brigade Group Palms Towers,1 BHK Flat,1 BHK,4870000.0,48.7,655.0,1,1,7435.0,Electronic City,Bangalore,West,Brigade Group,Ready To Move,Yes,West,Fully-Furnished,2922000.0,3165500.0,3409000.0,3652500.0,3896000.0,4139500.0,4383000.0,4626500.0,4772600.0
426,1786023688-426,Puravankara Vista Park,2 BHK Flat,2 BHK,9350000.0,93.5,1014.0,2,2,9221.0,Hebbal,Bangalore,South,Puravankara,Ready To Move,Yes,West,Unfurnished,5610000.0,6077500.0,6545000.0,7012500.0,7480000.0,7947500.0,8415000.0,8882500.0,9163000.0
427,1786023688-427,Rustomjee Avenue Court,3 BHK Flat,3 BHK,14990000.0,149.9,1575.0,3,3,9517.0,Yelahanka,Bangalore,South,Rustomjee,Ready To Move,Yes,North-East,Fully-Furnished,8994000.0,9743500.0,10493000.0,11242500.0,11992000.0,12741500.0,13491000.0,14240500.0,14690200.0
428,1786023688-428,Tata Housing Oasis Gardens,4 BHK Flat,4 BHK,15810000.0,158.1,1991.0,4,4,7941.0,Sarjapur Road,Bangalore,East,Tata Housing,Ready To Move,Yes,North-East,Semi-Furnished,9486000.0,10276500.0,11067000.0,11857500.0,12648000.0,13438500.0,14229000.0,15019500.0,15493800.0
429,1786023688-429,Mahindra Lifespaces Solitaire Haven,5 BHK Villa,5 BHK,18760000.0,187.6,2376.0,5,4,7896.0,Bellandur,Bangalore,North,Mahindra Lifespaces,Ready To Move,Yes,East,Unfurnished,11256000.0,12194000.0,13132000.0,14070000.0,15008000.0,15946000.0,16884000.0,17822000.0,18384800.0
430,1786023688-430,Casagrand Signature Enclave,1 BHK Flat,1 BHK,3920000.0,39.2,538.0,1,1,7286.0,Thanisandra,Bangalore,South,Casagrand,Ready To Move,Yes,East,Unfurnished,2352000.0,2548000.0,2744000.0,2940000.0,3136000.0,3332000.0,3528000.0,3724000.0,3841600.0
431,1786023688-431,Kolte-Patil Crown Square,2 BHK Flat,2 BHK,10590000.0,105.9,1155.0,2,2,9169.0,Marathahalli,Bangalore,Central,Kolte-Patil,Under Construction,Yes,East,Fully-Furnished,6354000.0,6883500.0,7413000.0,7942500.0,8472000.0,9001500.0,9531000.0,10060500.0,10378200.0
432,1786023688-432,Piramal Realty Royal Plaza,3 BHK Flat,3 BHK,14330000.0,143.3,1478.0,3,3,9696.0,Jayanagar,Bangalore,South,Piramal Realty,Under Construction,Yes,West,Unfurnished,8598000.0,9314500.0,10031000.0,10747500.0,11464000.0,12180500.0,12897000.0,13613500.0,14043400.0
433,1786023688-433,Prestige Group Grand Terraces,4 BHK Flat,4 BHK,19480000.0,194.8,1984.0,4,4,9819.0,Rajajinagar,Bangalore,North,Prestige Group,Under Construction,Yes,East,Semi-Furnished,11688000.0,12662000.0,13636000.0,14610000.0,15584000.0,16558000.0,17532000.0,18506000.0,19090400.0
434,1786023688-434,DLF Limited Emerald Residences,5 BHK Villa,5 BHK,23480000.0,234.8,2358.0,5,4,9958.0,Banashankari,Bangalore,West,DLF Limited,Under Construction,Yes,East,Semi-Furnished,14088000.0,15262000.0,16436000.0,17610000.0,18784000.0,19958000.0,21132000.0,22306000.0,23010400.0
435,1786023688-435,Godrej Properties Serene Greens,1 BHK Flat,1 BHK,5710000.0,57.1,626.0,1,1,9121.0,Malleshwaram,Bangalore,Central,Godrej Properties,Ready To Move,Yes,West,Semi-Furnished,3426000.0,3711500.0,3997000.0,4282500.0,4568000.0,4853500.0,5139000.0,5424500.0,5595800.0
436,1786023688-436,Sobha Limited Skyline Estate,2 BHK Flat,2 BHK,8540000.0,85.4,1002.0,2,2,8523.0,Kaggadasapura,Bangalore,North,Sobha Limited,Ready To Move,Yes,North,Semi-Furnished,5124000.0,5551000.0,5978000.0,6405000.0,6832000.0,7259000.0,7686000.0,8113000.0,8369200.0
437,1786023688-437,Oberoi Realty Imperia Heights,3 BHK Flat,3 BHK,10550000.0,105.5,1427.0,3,3,7393.0,BTM Layout,Bangalore,Central,Oberoi Realty,Ready To Move,Yes,West,Semi-Furnished,6330000.0,6857500.0,7385000.0,7912500.0,8440000.0,8967500.0,9495000.0,10022500.0,10339000.0
438,1786023688-438,Hiranandani Group Elegance Villas,4 BHK Flat,4 BHK,12990000.0,129.9,1893.0,4,4,6862.0,JP Nagar,Bangalore,East,Hiranandani Group,Ready To Move,Yes,North-East,Fully-Furnished,7794000.0,8443500.0,9093000.0,9742500.0,10392000.0,11041500.0,11691000.0,12340500.0,12730200.0
439,1786023688-439,Lodha Group Urban Towers,5 BHK Villa,5 BHK,24250000.0,242.5,2430.0,5,4,9979.0,C V Raman Nagar,Bangalore,West,Lodha Group,Ready To Move,Yes,North,Semi-Furnished,14550000.0,15762500.0,16975000.0,18187500.0,19400000.0,20612500.0,21825000.0,23037500.0,23765000.0
440,1786023688-440,Aparna Constructions Central Park,1 BHK Flat,1 BHK,5460000.0,54.6,697.0,1,1,7834.0,Varthur,Bangalore,South,Aparna Constructions,Ready To Move,Yes,West,Unfurnished,3276000.0,3549000.0,3822000.0,4095000.0,4368000.0,4641000.0,4914000.0,5187000.0,5350800.0
441,1786023688-441,Brigade Group Valley Court,2 BHK Flat,2 BHK,10760000.0,107.6,1068.0,2,2,10075.0,Whitefield,Bangalore,West,Brigade Group,Ready To Move,Yes,North-East,Semi-Furnished,6456000.0,6994000.0,7532000.0,8070000.0,8608000.0,9146000.0,9684000.0,10222000.0,10544800.0
442,1786023688-442,Puravankara Heights Gardens,3 BHK Flat,3 BHK,11910000.0,119.1,1631.0,3,3,7302.0,Koramangala,Bangalore,Central,Puravankara,Ready To Move,Yes,North-East,Unfurnished,7146000.0,7741500.0,8337000.0,8932500.0,9528000.0,10123500.0,10719000.0,11314500.0,11671800.0
443,1786023688-443,Rustomjee Palms Haven,4 BHK Flat,4 BHK,18280000.0,182.8,1995.0,4,4,9163.0,Indiranagar,Bangalore,North,Rustomjee,Under Construction,Yes,North-East,Fully-Furnished,10968000.0,11882000.0,12796000.0,13710000.0,14624000.0,15538000.0,16452000.0,17366000.0,17914400.0
444,1786023688-444,Tata Housing Vista Enclave,5 BHK Villa,5 BHK,18220000.0,182.2,2447.0,5,4,7446.0,HSR Layout,Bangalore,West,Tata Housing,Under Construction,Yes,North,Unfurnished,10932000.0,11843000.0,12754000.0,13665000.0,14576000.0,15487000.0,16398000.0,17309000.0,17855600.0
445,1786023688-445,Mahindra Lifespaces Avenue Square,1 BHK Flat,1 BHK,4110000.0,41.1,582.0,1,1,7062.0,Electronic City,Bangalore,East,Mahindra Lifespaces,Ready To Move,Yes,West,Fully-Furnished,2466000.0,2671500.0,2877000.0,3082500.0,3288000.0,3493500.0,3699000.0,3904500.0,4027800.0
446,1786023688-446,Casagrand Oasis Plaza,2 BHK Flat,2 BHK,9330000.0,93.3,1057.0,2,2,8827.0,Hebbal,Bangalore,East,Casagrand,Under Construction,Yes,North,Fully-Furnished,5598000.0,6064500.0,6531000.0,6997500.0,7464000.0,7930500.0,8397000.0,8863500.0,9143400.0
447,1786023688-447,Kolte-Patil Solitaire Terraces,3 BHK Flat,3 BHK,13680000.0,136.8,1409.0,3,3,9709.0,Yelahanka,Bangalore,South,Kolte-Patil,Ready To Move,Yes,North,Unfurnished,8208000.0,8892000.0,9576000.0,10260000.0,10944000.0,11628000.0,12312000.0,12996000.0,13406400.0
448,1786023688-448,Piramal Realty Signature Residences,4 BHK Flat,4 BHK,14220000.0,142.2,1965.0,4,4,7237.0,Sarjapur Road,Bangalore,South,Piramal Realty,Under Construction,Yes,East,Semi-Furnished,8532000.0,9243000.0,9954000.0,10665000.0,11376000.0,12087000.0,12798000.0,13509000.0,13935600.0
449,1786023688-449,Prestige Group Crown Greens,5 BHK Villa,5 BHK,16400000.0,164.0,2305.0,5,4,7115.0,Bellandur,Bangalore,Central,Prestige Group,Ready To Move,Yes,East,Semi-Furnished,9840000.0,10660000.0,11480000.0,12300000.0,13120000.0,13940000.0,14760000.0,15580000.0,16072000.0
450,1786023688-450,DLF Limited Royal Estate,1 BHK Flat,1 BHK,4970000.0,49.7,723.0,1,1,6874.0,Thanisandra,Bangalore,Central,DLF Limited,Under Construction,Yes,West,Semi-Furnished,2982000.0,3230500.0,3479000.0,3727500.0,3976000.0,4224500.0,4473000.0,4721500.0,4870600.0
451,1786023688-451,Godrej Properties Grand Heights,2 BHK Flat,2 BHK,9390000.0,93.9,1067.0,2,2,8800.0,Marathahalli,Bangalore,Central,Godrej Properties,Under Construction,Yes,North,Unfurnished,5634000.0,6103500.0,6573000.0,7042500.0,7512000.0,7981500.0,8451000.0,8920500.0,9202200.0
452,1786023688-452,Sobha Limited Emerald Villas,3 BHK Flat,3 BHK,13110000.0,131.1,1498.0,3,3,8752.0,Jayanagar,Bangalore,Central,Sobha Limited,Ready To Move,Yes,North,Unfurnished,7866000.0,8521500.0,9177000.0,9832500.0,10488000.0,11143500.0,11799000.0,12454500.0,12847800.0
453,1786023688-453,Oberoi Realty Serene Towers,4 BHK Flat,4 BHK,16260000.0,162.6,2050.0,4,4,7932.0,Rajajinagar,Bangalore,Central,Oberoi Realty,Ready To Move,Yes,North-East,Semi-Furnished,9756000.0,10569000.0,11382000.0,12195000.0,13008000.0,13821000.0,14634000.0,15447000.0,15934800.0
454,1786023688-454,Hiranandani Group Skyline Park,5 BHK Villa,5 BHK,17720000.0,177.2,2418.0,5,4,7328.0,Banashankari,Bangalore,Central,Hiranandani Group,Ready To Move,Yes,North,Semi-Furnished,10632000.0,11518000.0,12404000.0,13290000.0,14176000.0,15062000.0,15948000.0,16834000.0,17365600.0
455,1786023688-455,Lodha Group Imperia Court,1 BHK Flat,1 BHK,4140000.0,41.4,504.0,1,1,8214.0,Malleshwaram,Bangalore,Central,Lodha Group,Ready To Move,Yes,North,Unfurnished,2484000.0,2691000.0,2898000.0,3105000.0,3312000.0,3519000.0,3726000.0,3933000.0,4057200.0
456,1786023688-456,Aparna Constructions Elegance Gardens,2 BHK Flat,2 BHK,10730000.0,107.3,1060.0,2,2,10123.0,Kaggadasapura,Bangalore,North,Aparna Constructions,Under Construction,Yes,West,Semi-Furnished,6438000.0,6974500.0,7511000.0,8047500.0,8584000.0,9120500.0,9657000.0,10193500.0,10515400.0
457,1786023688-457,Brigade Group Urban Haven,3 BHK Flat,3 BHK,12950000.0,129.5,1571.0,3,3,8243.0,BTM Layout,Bangalore,South,Brigade Group,Under Construction,Yes,North-East,Semi-Furnished,7770000.0,8417500.0,9065000.0,9712500.0,10360000.0,11007500.0,11655000.0,12302500.0,12691000.0
458,1786023688-458,Puravankara Central Enclave,4 BHK Flat,4 BHK,18910000.0,189.1,1998.0,4,4,9464.0,JP Nagar,Bangalore,West,Puravankara,Ready To Move,Yes,North,Unfurnished,11346000.0,12291500.0,13237000.0,14182500.0,15128000.0,16073500.0,17019000.0,17964500.0,18531800.0
459,1786023688-459,Rustomjee Valley Square,5 BHK Villa,5 BHK,20860000.0,208.6,2504.0,5,4,8331.0,C V Raman Nagar,Bangalore,South,Rustomjee,Under Construction,Yes,North-East,Unfurnished,12516000.0,13559000.0,14602000.0,15645000.0,16688000.0,17731000.0,18774000.0,19817000.0,20442800.0
460,1786023688-460,Tata Housing Heights Plaza,1 BHK Flat,1 BHK,3600000.0,36.0,523.0,1,1,6883.0,Varthur,Bangalore,East,Tata Housing,Under Construction,Yes,North-East,Unfurnished,2160000.0,2340000.0,2520000.0,2700000.0,2880000.0,3060000.0,3240000.0,3420000.0,3528000.0
461,1786023688-461,Mahindra Lifespaces Palms Terraces,2 BHK Flat,2 BHK,8720000.0,87.2,1172.0,2,2,7440.0,Whitefield,Bangalore,South,Mahindra Lifespaces,Under Construction,Yes,East,Fully-Furnished,5232000.0,5668000.0,6104000.0,6540000.0,6976000.0,7412000.0,7848000.0,8284000.0,8545600.0
462,1786023688-462,Casagrand Vista Residences,3 BHK Flat,3 BHK,11480000.0,114.8,1526.0,3,3,7523.0,Koramangala,Bangalore,East,Casagrand,Ready To Move,Yes,East,Fully-Furnished,6888000.0,7462000.0,8036000.0,8610000.0,9184000.0,9758000.0,10332000.0,10906000.0,11250400.0
463,1786023688-463,Kolte-Patil Avenue Greens,4 BHK Flat,4 BHK,17500000.0,175.0,2084.0,4,4,8397.0,Indiranagar,Bangalore,North,Kolte-Patil,Under Construction,Yes,East,Semi-Furnished,10500000.0,11375000.0,12250000.0,13125000.0,14000000.0,14875000.0,15750000.0,16625000.0,17150000.0
464,1786023688-464,Piramal Realty Oasis Estate,5 BHK Villa,5 BHK,21080000.0,210.8,2472.0,5,4,8528.0,HSR Layout,Bangalore,Central,Piramal Realty,Ready To Move,Yes,North-East,Unfurnished,12648000.0,13702000.0,14756000.0,15810000.0,16864000.0,17918000.0,18972000.0,20026000.0,20658400.0
465,1786023688-465,Prestige Group Solitaire Heights,1 BHK Flat,1 BHK,5570000.0,55.7,660.0,1,1,8439.0,Electronic City,Bangalore,West,Prestige Group,Ready To Move,Yes,West,Semi-Furnished,3342000.0,3620500.0,3899000.0,4177500.0,4456000.0,4734500.0,5013000.0,5291500.0,5458600.0
466,1786023688-466,DLF Limited Signature Villas,2 BHK Flat,2 BHK,8380000.0,83.8,951.0,2,2,8812.0,Hebbal,Bangalore,Central,DLF Limited,Ready To Move,Yes,West,Fully-Furnished,5028000.0,5447000.0,5866000.0,6285000.0,6704000.0,7123000.0,7542000.0,7961000.0,8212400.0
467,1786023688-467,Godrej Properties Crown Towers,3 BHK Flat,3 BHK,10890000.0,108.9,1463.0,3,3,7444.0,Yelahanka,Bangalore,East,Godrej Properties,Ready To Move,Yes,West,Fully-Furnished,6534000.0,7078500.0,7623000.0,8167500.0,8712000.0,9256500.0,9801000.0,10345500.0,10672200.0
468,1786023688-468,Sobha Limited Royal Park,4 BHK Flat,4 BHK,16060000.0,160.6,1895.0,4,4,8475.0,Sarjapur Road,Bangalore,South,Sobha Limited,Ready To Move,Yes,North-East,Fully-Furnished,9636000.0,10439000.0,11242000.0,12045000.0,12848000.0,13651000.0,14454000.0,15257000.0,15738800.0
469,1786023688-469,Oberoi Realty Grand Court,5 BHK Villa,5 BHK,24370000.0,243.7,2397.0,5,4,10167.0,Bellandur,Bangalore,West,Oberoi Realty,Ready To Move,Yes,North,Semi-Furnished,14622000.0,15840500.0,17059000.0,18277500.0,19496000.0,20714500.0,21933000.0,23151500.0,23882600.0
470,1786023688-470,Hiranandani Group Emerald Gardens,1 BHK Flat,1 BHK,4610000.0,46.1,584.0,1,1,7894.0,Thanisandra,Bangalore,North,Hiranandani Group,Ready To Move,Yes,West,Semi-Furnished,2766000.0,2996500.0,3227000.0,3457500.0,3688000.0,3918500.0,4149000.0,4379500.0,4517800.0
471,1786023688-471,Lodha Group Serene Haven,2 BHK Flat,2 BHK,11040000.0,110.4,1121.0,2,2,9848.0,Marathahalli,Bangalore,South,Lodha Group,Under Construction,Yes,North,Fully-Furnished,6624000.0,7176000.0,7728000.0,8280000.0,8832000.0,9384000.0,9936000.0,10488000.0,10819200.0
472,1786023688-472,Aparna Constructions Skyline Enclave,3 BHK Flat,3 BHK,13360000.0,133.6,1414.0,3,3,9448.0,Jayanagar,Bangalore,Central,Aparna Constructions,Under Construction,Yes,East,Semi-Furnished,8016000.0,8684000.0,9352000.0,10020000.0,10688000.0,11356000.0,12024000.0,12692000.0,13092800.0
473,1786023688-473,Brigade Group Imperia Square,4 BHK Flat,4 BHK,17320000.0,173.2,2069.0,4,4,8371.0,Rajajinagar,Bangalore,West,Brigade Group,Ready To Move,Yes,West,Unfurnished,10392000.0,11258000.0,12124000.0,12990000.0,13856000.0,14722000.0,15588000.0,16454000.0,16973600.0
474,1786023688-474,Puravankara Elegance Plaza,5 BHK Villa,5 BHK,17180000.0,171.8,2333.0,5,4,7364.0,Banashankari,Bangalore,Central,Puravankara,Ready To Move,Yes,East,Semi-Furnished,10308000.0,11167000.0,12026000.0,12885000.0,13744000.0,14603000.0,15462000.0,16321000.0,16836400.0
475,1786023688-475,Rustomjee Urban Terraces,1 BHK Flat,1 BHK,6320000.0,63.2,748.0,1,1,8449.0,Malleshwaram,Bangalore,North,Rustomjee,Ready To Move,Yes,North,Semi-Furnished,3792000.0,4108000.0,4424000.0,4740000.0,5056000.0,5372000.0,5688000.0,6004000.0,6193600.0
476,1786023688-476,Tata Housing Central Residences,2 BHK Flat,2 BHK,10460000.0,104.6,1129.0,2,2,9265.0,Kaggadasapura,Bangalore,West,Tata Housing,Ready To Move,Yes,East,Fully-Furnished,6276000.0,6799000.0,7322000.0,7845000.0,8368000.0,8891000.0,9414000.0,9937000.0,10250800.0
477,1786023688-477,Mahindra Lifespaces Valley Greens,3 BHK Flat,3 BHK,13470000.0,134.7,1646.0,3,3,8183.0,BTM Layout,Bangalore,South,Mahindra Lifespaces,Ready To Move,Yes,North,Unfurnished,8082000.0,8755500.0,9429000.0,10102500.0,10776000.0,11449500.0,12123000.0,12796500.0,13200600.0
478,1786023688-478,Casagrand Heights Estate,4 BHK Flat,4 BHK,18480000.0,184.8,2019.0,4,4,9153.0,JP Nagar,Bangalore,West,Casagrand,Ready To Move,Yes,North-East,Unfurnished,11088000.0,12012000.0,12936000.0,13860000.0,14784000.0,15708000.0,16632000.0,17556000.0,18110400.0
479,1786023688-479,Kolte-Patil Palms Heights,5 BHK Villa,5 BHK,17730000.0,177.3,2358.0,5,4,7519.0,C V Raman Nagar,Bangalore,North,Kolte-Patil,Under Construction,Yes,East,Fully-Furnished,10638000.0,11524500.0,12411000.0,13297500.0,14184000.0,15070500.0,15957000.0,16843500.0,17375400.0
480,1786023688-480,Piramal Realty Vista Villas,1 BHK Flat,1 BHK,5440000.0,54.4,703.0,1,1,7738.0,Varthur,Bangalore,East,Piramal Realty,Ready To Move,Yes,East,Fully-Furnished,3264000.0,3536000.0,3808000.0,4080000.0,4352000.0,4624000.0,4896000.0,5168000.0,5331200.0
481,1786023688-481,Prestige Group Avenue Towers,2 BHK Flat,2 BHK,9670000.0,96.7,998.0,2,2,9689.0,Whitefield,Bangalore,Central,Prestige Group,Under Construction,Yes,North-East,Semi-Furnished,5802000.0,6285500.0,6769000.0,7252500.0,7736000.0,8219500.0,8703000.0,9186500.0,9476600.0
482,1786023688-482,DLF Limited Oasis Park,3 BHK Flat,3 BHK,10340000.0,103.4,1498.0,3,3,6903.0,Koramangala,Bangalore,East,DLF Limited,Ready To Move,Yes,North-East,Unfurnished,6204000.0,6721000.0,7238000.0,7755000.0,8272000.0,8789000.0,9306000.0,9823000.0,10133200.0
483,1786023688-483,Godrej Properties Solitaire Court,4 BHK Flat,4 BHK,15090000.0,150.9,2018.0,4,4,7478.0,Indiranagar,Bangalore,West,Godrej Properties,Ready To Move,Yes,North-East,Semi-Furnished,9054000.0,9808500.0,10563000.0,11317500.0,12072000.0,12826500.0,13581000.0,14335500.0,14788200.0
484,1786023688-484,Sobha Limited Signature Gardens,5 BHK Villa,5 BHK,16510000.0,165.1,2394.0,5,4,6896.0,HSR Layout,Bangalore,North,Sobha Limited,Ready To Move,Yes,East,Fully-Furnished,9906000.0,10731500.0,11557000.0,12382500.0,13208000.0,14033500.0,14859000.0,15684500.0,16179800.0
485,1786023688-485,Oberoi Realty Crown Haven,1 BHK Flat,1 BHK,4060000.0,40.6,547.0,1,1,7422.0,Electronic City,Bangalore,North,Oberoi Realty,Ready To Move,Yes,North-East,Unfurnished,2436000.0,2639000.0,2842000.0,3045000.0,3248000.0,3451000.0,3654000.0,3857000.0,3978800.0
486,1786023688-486,Hiranandani Group Royal Enclave,2 BHK Flat,2 BHK,9700000.0,97.0,1003.0,2,2,9671.0,Hebbal,Bangalore,West,Hiranandani Group,Under Construction,Yes,North-East,Unfurnished,5820000.0,6305000.0,6790000.0,7275000.0,7760000.0,8245000.0,8730000.0,9215000.0,9506000.0
487,1786023688-487,Lodha Group Grand Square,3 BHK Flat,3 BHK,13060000.0,130.6,1588.0,3,3,8224.0,Yelahanka,Bangalore,East,Lodha Group,Under Construction,Yes,North,Semi-Furnished,7836000.0,8489000.0,9142000.0,9795000.0,10448000.0,11101000.0,11754000.0,12407000.0,12798800.0
488,1786023688-488,Aparna Constructions Emerald Plaza,4 BHK Flat,4 BHK,17170000.0,171.7,1932.0,4,4,8887.0,Sarjapur Road,Bangalore,South,Aparna Constructions,Under Construction,Yes,East,Fully-Furnished,10302000.0,11160500.0,12019000.0,12877500.0,13736000.0,14594500.0,15453000.0,16311500.0,16826600.0
489,1786023688-489,Brigade Group Serene Terraces,5 BHK Villa,5 BHK,23940000.0,239.4,2416.0,5,4,9909.0,Bellandur,Bangalore,South,Brigade Group,Ready To Move,Yes,North-East,Semi-Furnished,14364000.0,15561000.0,16758000.0,17955000.0,19152000.0,20349000.0,21546000.0,22743000.0,23461200.0
490,1786023688-490,Puravankara Skyline Residences,1 BHK Flat,1 BHK,6120000.0,61.2,717.0,1,1,8536.0,Thanisandra,Bangalore,North,Puravankara,Under Construction,Yes,North,Semi-Furnished,3672000.0,3978000.0,4284000.0,4590000.0,4896000.0,5202000.0,5508000.0,5814000.0,5997600.0
491,1786023688-491,Rustomjee Imperia Greens,2 BHK Flat,2 BHK,8740000.0,87.4,1046.0,2,2,8356.0,Marathahalli,Bangalore,Central,Rustomjee,Under Construction,Yes,West,Unfurnished,5244000.0,5681000.0,6118000.0,6555000.0,6992000.0,7429000.0,7866000.0,8303000.0,8565200.0
492,1786023688-492,Tata Housing Elegance Estate,3 BHK Flat,3 BHK,12340000.0,123.4,1585.0,3,3,7785.0,Jayanagar,Bangalore,West,Tata Housing,Ready To Move,Yes,East,Semi-Furnished,7404000.0,8021000.0,8638000.0,9255000.0,9872000.0,10489000.0,11106000.0,11723000.0,12093200.0
493,1786023688-493,Mahindra Lifespaces Urban Heights,4 BHK Flat,4 BHK,15950000.0,159.5,2091.0,4,4,7628.0,Rajajinagar,Bangalore,South,Mahindra Lifespaces,Ready To Move,Yes,West,Fully-Furnished,9570000.0,10367500.0,11165000.0,11962500.0,12760000.0,13557500.0,14355000.0,15152500.0,15631000.0
494,1786023688-494,Casagrand Central Villas,5 BHK Villa,5 BHK,24440000.0,244.4,2498.0,5,4,9784.0,Banashankari,Bangalore,Central,Casagrand,Under Construction,Yes,East,Semi-Furnished,14664000.0,15886000.0,17108000.0,18330000.0,19552000.0,20774000.0,21996000.0,23218000.0,23951200.0
495,1786023688-495,Kolte-Patil Valley Towers,1 BHK Flat,1 BHK,4960000.0,49.6,694.0,1,1,7147.0,Malleshwaram,Bangalore,West,Kolte-Patil,Under Construction,Yes,East,Semi-Furnished,2976000.0,3224000.0,3472000.0,3720000.0,3968000.0,4216000.0,4464000.0,4712000.0,4860800.0
496,1786023688-496,Piramal Realty Heights Park,2 BHK Flat,2 BHK,6940000.0,69.4,986.0,2,2,7039.0,Kaggadasapura,Bangalore,Central,Piramal Realty,Ready To Move,Yes,West,Fully-Furnished,4164000.0,4511000.0,4858000.0,5205000.0,5552000.0,5899000.0,6246000.0,6593000.0,6801200.0
497,1786023688-497,Prestige Group Palms Court,3 BHK Flat,3 BHK,15890000.0,158.9,1570.0,3,3,10121.0,BTM Layout,Bangalore,West,Prestige Group,Under Construction,Yes,West,Semi-Furnished,9534000.0,10328500.0,11123000.0,11917500.0,12712000.0,13506500.0,14301000.0,15095500.0,15572200.0
498,1786023688-498,DLF Limited Vista Gardens,4 BHK Flat,4 BHK,18150000.0,181.5,1936.0,4,4,9375.0,JP Nagar,Bangalore,East,DLF Limited,Under Construction,Yes,North-East,Fully-Furnished,10890000.0,11797500.0,12705000.0,13612500.0,14520000.0,15427500.0,16335000.0,17242500.0,17787000.0
499,1786023688-499,Godrej Properties Avenue Haven,5 BHK Villa,5 BHK,23490000.0,234.9,2362.0,5,4,9945.0,C V Raman Nagar,Bangalore,East,Godrej Properties,Ready To Move,Yes,North-East,Fully-Furnished,14094000.0,15268500.0,16443000.0,17617500.0,18792000.0,19966500.0,21141000.0,22315500.0,23020200.0
500,1786023688-500,Sobha Limited Oasis Enclave,1 BHK Flat,1 BHK,5600000.0,56.0,670.0,1,1,8358.0,Varthur,Bangalore,North,Sobha Limited,Under Construction,Yes,North-East,Unfurnished,3360000.0,3640000.0,3920000.0,4200000.0,4480000.0,4760000.0,5040000.0,5320000.0,5488000.0
501,1786023688-501,Oberoi Realty Solitaire Square,2 BHK Flat,2 BHK,7150000.0,71.5,964.0,2,2,7417.0,Whitefield,Bangalore,West,Oberoi Realty,Under Construction,Yes,North-East,Semi-Furnished,4290000.0,4647500.0,5005000.0,5362500.0,5720000.0,6077500.0,6435000.0,6792500.0,7007000.0
502,1786023688-502,Hiranandani Group Signature Plaza,3 BHK Flat,3 BHK,11730000.0,117.3,1484.0,3,3,7904.0,Koramangala,Bangalore,West,Hiranandani Group,Under Construction,Yes,West,Unfurnished,7038000.0,7624500.0,8211000.0,8797500.0,9384000.0,9970500.0,10557000.0,11143500.0,11495400.0
503,1786023688-503,Lodha Group Crown Terraces,4 BHK Flat,4 BHK,13090000.0,130.9,1911.0,4,4,6850.0,Indiranagar,Bangalore,Central,Lodha Group,Ready To Move,Yes,North,Fully-Furnished,7854000.0,8508500.0,9163000.0,9817500.0,10472000.0,11126500.0,11781000.0,12435500.0,12828200.0
504,1786023688-504,Aparna Constructions Royal Residences,5 BHK Villa,5 BHK,25270000.0,252.7,2517.0,5,4,10040.0,HSR Layout,Bangalore,North,Aparna Constructions,Ready To Move,Yes,North,Fully-Furnished,15162000.0,16425500.0,17689000.0,18952500.0,20216000.0,21479500.0,22743000.0,24006500.0,24764600.0
505,1786023688-505,Brigade Group Grand Greens,1 BHK Flat,1 BHK,4290000.0,42.9,581.0,1,1,7384.0,Electronic City,Bangalore,North,Brigade Group,Under Construction,Yes,North-East,Semi-Furnished,2574000.0,2788500.0,3003000.0,3217500.0,3432000.0,3646500.0,3861000.0,4075500.0,4204200.0
506,1786023688-506,Puravankara Emerald Estate,2 BHK Flat,2 BHK,8670000.0,86.7,1091.0,2,2,7947.0,Hebbal,Bangalore,West,Puravankara,Ready To Move,Yes,North-East,Fully-Furnished,5202000.0,5635500.0,6069000.0,6502500.0,6936000.0,7369500.0,7803000.0,8236500.0,8496600.0
507,1786023688-507,Rustomjee Serene Heights,3 BHK Flat,3 BHK,14470000.0,144.7,1619.0,3,3,8938.0,Yelahanka,Bangalore,West,Rustomjee,Ready To Move,Yes,East,Semi-Furnished,8682000.0,9405500.0,10129000.0,10852500.0,11576000.0,12299500.0,13023000.0,13746500.0,14180600.0
508,1786023688-508,Tata Housing Skyline Villas,4 BHK Flat,4 BHK,19660000.0,196.6,1940.0,4,4,10134.0,Sarjapur Road,Bangalore,West,Tata Housing,Ready To Move,Yes,West,Semi-Furnished,11796000.0,12779000.0,13762000.0,14745000.0,15728000.0,16711000.0,17694000.0,18677000.0,19266800.0
509,1786023688-509,Mahindra Lifespaces Imperia Towers,5 BHK Villa,5 BHK,24160000.0,241.6,2467.0,5,4,9793.0,Bellandur,Bangalore,East,Mahindra Lifespaces,Ready To Move,Yes,West,Semi-Furnished,14496000.0,15704000.0,16912000.0,18120000.0,19328000.0,20536000.0,21744000.0,22952000.0,23676800.0
510,1786023688-510,Casagrand Elegance Park,1 BHK Flat,1 BHK,5930000.0,59.3,643.0,1,1,9222.0,Thanisandra,Bangalore,South,Casagrand,Ready To Move,Yes,North,Fully-Furnished,3558000.0,3854500.0,4151000.0,4447500.0,4744000.0,5040500.0,5337000.0,5633500.0,5811400.0
511,1786023688-511,Kolte-Patil Urban Court,2 BHK Flat,2 BHK,8930000.0,89.3,998.0,2,2,8948.0,Marathahalli,Bangalore,South,Kolte-Patil,Ready To Move,Yes,North-East,Unfurnished,5358000.0,5804500.0,6251000.0,6697500.0,7144000.0,7590500.0,8037000.0,8483500.0,8751400.0
512,1786023688-512,Piramal Realty Central Gardens,3 BHK Flat,3 BHK,13350000.0,133.5,1617.0,3,3,8256.0,Jayanagar,Bangalore,South,Piramal Realty,Under Construction,Yes,North-East,Fully-Furnished,8010000.0,8677500.0,9345000.0,10012500.0,10680000.0,11347500.0,12015000.0,12682500.0,13083000.0
513,1786023688-513,Prestige Group Valley Haven,4 BHK Flat,4 BHK,13900000.0,139.0,1950.0,4,4,7128.0,Rajajinagar,Bangalore,West,Prestige Group,Ready To Move,Yes,North-East,Fully-Furnished,8340000.0,9035000.0,9730000.0,10425000.0,11120000.0,11815000.0,12510000.0,13205000.0,13622000.0
514,1786023688-514,DLF Limited Heights Enclave,5 BHK Villa,5 BHK,18220000.0,182.2,2362.0,5,4,7714.0,Banashankari,Bangalore,West,DLF Limited,Ready To Move,Yes,East,Unfurnished,10932000.0,11843000.0,12754000.0,13665000.0,14576000.0,15487000.0,16398000.0,17309000.0,17855600.0
515,1786023688-515,Godrej Properties Palms Square,1 BHK Flat,1 BHK,4520000.0,45.2,583.0,1,1,7753.0,Malleshwaram,Bangalore,West,Godrej Properties,Ready To Move,Yes,North,Semi-Furnished,2712000.0,2938000.0,3164000.0,3390000.0,3616000.0,3842000.0,4068000.0,4294000.0,4429600.0
516,1786023688-516,Sobha Limited Vista Plaza,2 BHK Flat,2 BHK,9060000.0,90.6,1097.0,2,2,8259.0,Kaggadasapura,Bangalore,West,Sobha Limited,Ready To Move,Yes,North,Fully-Furnished,5436000.0,5889000.0,6342000.0,6795000.0,7248000.0,7701000.0,8154000.0,8607000.0,8878800.0
517,1786023688-517,Oberoi Realty Avenue Terraces,3 BHK Flat,3 BHK,10940000.0,109.4,1457.0,3,3,7509.0,BTM Layout,Bangalore,South,Oberoi Realty,Ready To Move,Yes,West,Unfurnished,6564000.0,7111000.0,7658000.0,8205000.0,8752000.0,9299000.0,9846000.0,10393000.0,10721200.0
518,1786023688-518,Hiranandani Group Oasis Residences,4 BHK Flat,4 BHK,13250000.0,132.5,1900.0,4,4,6974.0,JP Nagar,Bangalore,South,Hiranandani Group,Under Construction,Yes,East,Semi-Furnished,7950000.0,8612500.0,9275000.0,9937500.0,10600000.0,11262500.0,11925000.0,12587500.0,12985000.0
519,1786023688-519,Lodha Group Solitaire Greens,5 BHK Villa,5 BHK,22600000.0,226.0,2449.0,5,4,9228.0,C V Raman Nagar,Bangalore,South,Lodha Group,Under Construction,Yes,East,Unfurnished,13560000.0,14690000.0,15820000.0,16950000.0,18080000.0,19210000.0,20340000.0,21470000.0,22148000.0
520,1786023688-520,Aparna Constructions Signature Estate,1 BHK Flat,1 BHK,4570000.0,45.7,535.0,1,1,8542.0,Varthur,Bangalore,East,Aparna Constructions,Under Construction,Yes,West,Semi-Furnished,2742000.0,2970500.0,3199000.0,3427500.0,3656000.0,3884500.0,4113000.0,4341500.0,4478600.0
521,1786023688-521,Brigade Group Crown Heights,2 BHK Flat,2 BHK,10430000.0,104.3,1102.0,2,2,9465.0,Whitefield,Bangalore,Central,Brigade Group,Ready To Move,Yes,East,Unfurnished,6258000.0,6779500.0,7301000.0,7822500.0,8344000.0,8865500.0,9387000.0,9908500.0,10221400.0
522,1786023688-522,Puravankara Royal Villas,3 BHK Flat,3 BHK,10470000.0,104.7,1500.0,3,3,6980.0,Koramangala,Bangalore,West,Puravankara,Under Construction,Yes,West,Fully-Furnished,6282000.0,6805500.0,7329000.0,7852500.0,8376000.0,8899500.0,9423000.0,9946500.0,10260600.0
523,1786023688-523,Rustomjee Grand Towers,4 BHK Flat,4 BHK,15940000.0,159.4,1996.0,4,4,7986.0,Indiranagar,Bangalore,North,Rustomjee,Ready To Move,Yes,North-East,Fully-Furnished,9564000.0,10361000.0,11158000.0,11955000.0,12752000.0,13549000.0,14346000.0,15143000.0,15621200.0
524,1786023688-524,Tata Housing Emerald Park,5 BHK Villa,5 BHK,20170000.0,201.7,2506.0,5,4,8049.0,HSR Layout,Bangalore,South,Tata Housing,Ready To Move,Yes,North,Unfurnished,12102000.0,13110500.0,14119000.0,15127500.0,16136000.0,17144500.0,18153000.0,19161500.0,19766600.0
525,1786023688-525,Mahindra Lifespaces Serene Court,1 BHK Flat,1 BHK,6030000.0,60.3,660.0,1,1,9136.0,Electronic City,Bangalore,South,Mahindra Lifespaces,Ready To Move,Yes,East,Semi-Furnished,3618000.0,3919500.0,4221000.0,4522500.0,4824000.0,5125500.0,5427000.0,5728500.0,5909400.0
526,1786023688-526,Casagrand Skyline Gardens,2 BHK Flat,2 BHK,8370000.0,83.7,1033.0,2,2,8103.0,Hebbal,Bangalore,North,Casagrand,Ready To Move,Yes,North-East,Fully-Furnished,5022000.0,5440500.0,5859000.0,6277500.0,6696000.0,7114500.0,7533000.0,7951500.0,8202600.0
527,1786023688-527,Kolte-Patil Imperia Haven,3 BHK Flat,3 BHK,11670000.0,116.7,1578.0,3,3,7395.0,Yelahanka,Bangalore,North,Kolte-Patil,Under Construction,Yes,North,Semi-Furnished,7002000.0,7585500.0,8169000.0,8752500.0,9336000.0,9919500.0,10503000.0,11086500.0,11436600.0
528,1786023688-528,Piramal Realty Elegance Enclave,4 BHK Flat,4 BHK,12830000.0,128.3,1864.0,4,4,6883.0,Sarjapur Road,Bangalore,Central,Piramal Realty,Ready To Move,Yes,East,Unfurnished,7698000.0,8339500.0,8981000.0,9622500.0,10264000.0,10905500.0,11547000.0,12188500.0,12573400.0
529,1786023688-529,Prestige Group Urban Square,5 BHK Villa,5 BHK,18270000.0,182.7,2423.0,5,4,7540.0,Bellandur,Bangalore,West,Prestige Group,Ready To Move,Yes,North-East,Fully-Furnished,10962000.0,11875500.0,12789000.0,13702500.0,14616000.0,15529500.0,16443000.0,17356500.0,17904600.0
530,1786023688-530,DLF Limited Central Plaza,1 BHK Flat,1 BHK,4540000.0,45.4,502.0,1,1,9044.0,Thanisandra,Bangalore,Central,DLF Limited,Under Construction,Yes,North,Semi-Furnished,2724000.0,2951000.0,3178000.0,3405000.0,3632000.0,3859000.0,4086000.0,4313000.0,4449200.0
531,1786023688-531,Godrej Properties Valley Terraces,2 BHK Flat,2 BHK,8340000.0,83.4,974.0,2,2,8563.0,Marathahalli,Bangalore,North,Godrej Properties,Under Construction,Yes,North-East,Unfurnished,5004000.0,5421000.0,5838000.0,6255000.0,6672000.0,7089000.0,7506000.0,7923000.0,8173200.0
532,1786023688-532,Sobha Limited Heights Residences,3 BHK Flat,3 BHK,14070000.0,140.7,1420.0,3,3,9908.0,Jayanagar,Bangalore,South,Sobha Limited,Ready To Move,Yes,North,Unfurnished,8442000.0,9145500.0,9849000.0,10552500.0,11256000.0,11959500.0,12663000.0,13366500.0,13788600.0
533,1786023688-533,Oberoi Realty Palms Greens,4 BHK Flat,4 BHK,18180000.0,181.8,2074.0,4,4,8766.0,Rajajinagar,Bangalore,East,Oberoi Realty,Ready To Move,Yes,East,Semi-Furnished,10908000.0,11817000.0,12726000.0,13635000.0,14544000.0,15453000.0,16362000.0,17271000.0,17816400.0
534,1786023688-534,Hiranandani Group Vista Estate,5 BHK Villa,5 BHK,23560000.0,235.6,2479.0,5,4,9504.0,Banashankari,Bangalore,South,Hiranandani Group,Under Construction,Yes,West,Semi-Furnished,14136000.0,15314000.0,16492000.0,17670000.0,18848000.0,20026000.0,21204000.0,22382000.0,23088800.0
535,1786023688-535,Lodha Group Avenue Heights,1 BHK Flat,1 BHK,4040000.0,40.4,547.0,1,1,7386.0,Malleshwaram,Bangalore,Central,Lodha Group,Ready To Move,Yes,North-East,Semi-Furnished,2424000.0,2626000.0,2828000.0,3030000.0,3232000.0,3434000.0,3636000.0,3838000.0,3959200.0
536,1786023688-536,Aparna Constructions Oasis Villas,2 BHK Flat,2 BHK,9420000.0,94.2,986.0,2,2,9554.0,Kaggadasapura,Bangalore,Central,Aparna Constructions,Ready To Move,Yes,North,Semi-Furnished,5652000.0,6123000.0,6594000.0,7065000.0,7536000.0,8007000.0,8478000.0,8949000.0,9231600.0
537,1786023688-537,Brigade Group Solitaire Towers,3 BHK Flat,3 BHK,12600000.0,126.0,1549.0,3,3,8134.0,BTM Layout,Bangalore,North,Brigade Group,Under Construction,Yes,East,Semi-Furnished,7560000.0,8190000.0,8820000.0,9450000.0,10080000.0,10710000.0,11340000.0,11970000.0,12348000.0
538,1786023688-538,Puravankara Signature Park,4 BHK Flat,4 BHK,17970000.0,179.7,1886.0,4,4,9528.0,JP Nagar,Bangalore,North,Puravankara,Ready To Move,Yes,North-East,Semi-Furnished,10782000.0,11680500.0,12579000.0,13477500.0,14376000.0,15274500.0,16173000.0,17071500.0,17610600.0
539,1786023688-539,Rustomjee Crown Court,5 BHK Villa,5 BHK,17830000.0,178.3,2422.0,5,4,7362.0,C V Raman Nagar,Bangalore,Central,Rustomjee,Under Construction,Yes,North-East,Unfurnished,10698000.0,11589500.0,12481000.0,13372500.0,14264000.0,15155500.0,16047000.0,16938500.0,17473400.0
540,1786023688-540,Tata Housing Royal Gardens,1 BHK Flat,1 BHK,4910000.0,49.1,649.0,1,1,7565.0,Varthur,Bangalore,West,Tata Housing,Ready To Move,Yes,West,Unfurnished,2946000.0,3191500.0,3437000.0,3682500.0,3928000.0,4173500.0,4419000.0,4664500.0,4811800.0
541,1786023688-541,Mahindra Lifespaces Grand Haven,2 BHK Flat,2 BHK,9650000.0,96.5,979.0,2,2,9857.0,Whitefield,Bangalore,East,Mahindra Lifespaces,Ready To Move,Yes,East,Unfurnished,5790000.0,6272500.0,6755000.0,7237500.0,7720000.0,8202500.0,8685000.0,9167500.0,9457000.0
542,1786023688-542,Casagrand Emerald Enclave,3 BHK Flat,3 BHK,13900000.0,139.0,1449.0,3,3,9593.0,Koramangala,Bangalore,South,Casagrand,Ready To Move,Yes,East,Fully-Furnished,8340000.0,9035000.0,9730000.0,10425000.0,11120000.0,11815000.0,12510000.0,13205000.0,13622000.0
543,1786023688-543,Kolte-Patil Serene Square,4 BHK Flat,4 BHK,16120000.0,161.2,2089.0,4,4,7717.0,Indiranagar,Bangalore,Central,Kolte-Patil,Under Construction,Yes,North,Semi-Furnished,9672000.0,10478000.0,11284000.0,12090000.0,12896000.0,13702000.0,14508000.0,15314000.0,15797600.0
544,1786023688-544,Piramal Realty Skyline Plaza,5 BHK Villa,5 BHK,22260000.0,222.6,2385.0,5,4,9333.0,HSR Layout,Bangalore,South,Piramal Realty,Under Construction,Yes,East,Fully-Furnished,13356000.0,14469000.0,15582000.0,16695000.0,17808000.0,18921000.0,20034000.0,21147000.0,21814800.0
545,1786023688-545,Prestige Group Imperia Terraces,1 BHK Flat,1 BHK,6470000.0,64.7,648.0,1,1,9985.0,Electronic City,Bangalore,North,Prestige Group,Ready To Move,Yes,West,Unfurnished,3882000.0,4205500.0,4529000.0,4852500.0,5176000.0,5499500.0,5823000.0,6146500.0,6340600.0
546,1786023688-546,DLF Limited Elegance Residences,2 BHK Flat,2 BHK,9940000.0,99.4,1090.0,2,2,9119.0,Hebbal,Bangalore,South,DLF Limited,Ready To Move,Yes,West,Semi-Furnished,5964000.0,6461000.0,6958000.0,7455000.0,7952000.0,8449000.0,8946000.0,9443000.0,9741200.0
547,1786023688-547,Godrej Properties Urban Greens,3 BHK Flat,3 BHK,10670000.0,106.7,1444.0,3,3,7389.0,Yelahanka,Bangalore,East,Godrej Properties,Under Construction,Yes,North,Unfurnished,6402000.0,6935500.0,7469000.0,8002500.0,8536000.0,9069500.0,9603000.0,10136500.0,10456600.0
548,1786023688-548,Sobha Limited Central Estate,4 BHK Flat,4 BHK,16510000.0,165.1,1975.0,4,4,8359.0,Sarjapur Road,Bangalore,West,Sobha Limited,Ready To Move,Yes,North,Semi-Furnished,9906000.0,10731500.0,11557000.0,12382500.0,13208000.0,14033500.0,14859000.0,15684500.0,16179800.0
549,1786023688-549,Oberoi Realty Valley Heights,5 BHK Villa,5 BHK,20480000.0,204.8,2482.0,5,4,8251.0,Bellandur,Bangalore,Central,Oberoi Realty,Ready To Move,Yes,West,Semi-Furnished,12288000.0,13312000.0,14336000.0,15360000.0,16384000.0,17408000.0,18432000.0,19456000.0,20070400.0
550,1786023688-550,Hiranandani Group Heights Villas,1 BHK Flat,1 BHK,4430000.0,44.3,636.0,1,1,6965.0,Thanisandra,Bangalore,North,Hiranandani Group,Under Construction,Yes,East,Fully-Furnished,2658000.0,2879500.0,3101000.0,3322500.0,3544000.0,3765500.0,3987000.0,4208500.0,4341400.0
551,1786023688-551,Lodha Group Palms Towers,2 BHK Flat,2 BHK,8770000.0,87.7,1098.0,2,2,7987.0,Marathahalli,Bangalore,South,Lodha Group,Under Construction,Yes,West,Semi-Furnished,5262000.0,5700500.0,6139000.0,6577500.0,7016000.0,7454500.0,7893000.0,8331500.0,8594600.0
552,1786023688-552,Aparna Constructions Vista Park,3 BHK Flat,3 BHK,15750000.0,157.5,1547.0,3,3,10181.0,Jayanagar,Bangalore,South,Aparna Constructions,Ready To Move,Yes,East,Semi-Furnished,9450000.0,10237500.0,11025000.0,11812500.0,12600000.0,13387500.0,14175000.0,14962500.0,15435000.0
553,1786023688-553,Brigade Group Avenue Court,4 BHK Flat,4 BHK,16190000.0,161.9,1885.0,4,4,8589.0,Rajajinagar,Bangalore,Central,Brigade Group,Ready To Move,Yes,West,Fully-Furnished,9714000.0,10523500.0,11333000.0,12142500.0,12952000.0,13761500.0,14571000.0,15380500.0,15866200.0
554,1786023688-554,Puravankara Oasis Gardens,5 BHK Villa,5 BHK,23480000.0,234.8,2463.0,5,4,9533.0,Banashankari,Bangalore,Central,Puravankara,Under Construction,Yes,North-East,Semi-Furnished,14088000.0,15262000.0,16436000.0,17610000.0,18784000.0,19958000.0,21132000.0,22306000.0,23010400.0
555,1786023688-555,Rustomjee Solitaire Haven,1 BHK Flat,1 BHK,5150000.0,51.5,514.0,1,1,10019.0,Malleshwaram,Bangalore,Central,Rustomjee,Under Construction,Yes,North-East,Semi-Furnished,3090000.0,3347500.0,3605000.0,3862500.0,4120000.0,4377500.0,4635000.0,4892500.0,5047000.0
556,1786023688-556,Tata Housing Signature Enclave,2 BHK Flat,2 BHK,9300000.0,93.0,1094.0,2,2,8501.0,Kaggadasapura,Bangalore,South,Tata Housing,Ready To Move,Yes,North,Semi-Furnished,5580000.0,6045000.0,6510000.0,6975000.0,7440000.0,7905000.0,8370000.0,8835000.0,9114000.0
557,1786023688-557,Mahindra Lifespaces Crown Square,3 BHK Flat,3 BHK,12890000.0,128.9,1482.0,3,3,8698.0,BTM Layout,Bangalore,West,Mahindra Lifespaces,Under Construction,Yes,North-East,Semi-Furnished,7734000.0,8378500.0,9023000.0,9667500.0,10312000.0,10956500.0,11601000.0,12245500.0,12632200.0
558,1786023688-558,Casagrand Royal Plaza,4 BHK Flat,4 BHK,17150000.0,171.5,1867.0,4,4,9186.0,JP Nagar,Bangalore,South,Casagrand,Under Construction,Yes,North,Semi-Furnished,10290000.0,11147500.0,12005000.0,12862500.0,13720000.0,14577500.0,15435000.0,16292500.0,16807000.0
559,1786023688-559,Kolte-Patil Grand Terraces,5 BHK Villa,5 BHK,23550000.0,235.5,2531.0,5,4,9305.0,C V Raman Nagar,Bangalore,South,Kolte-Patil,Under Construction,Yes,East,Fully-Furnished,14130000.0,15307500.0,16485000.0,17662500.0,18840000.0,20017500.0,21195000.0,22372500.0,23079000.0
560,1786023688-560,Piramal Realty Emerald Residences,1 BHK Flat,1 BHK,4320000.0,43.2,574.0,1,1,7526.0,Varthur,Bangalore,West,Piramal Realty,Ready To Move,Yes,East,Unfurnished,2592000.0,2808000.0,3024000.0,3240000.0,3456000.0,3672000.0,3888000.0,4104000.0,4233600.0
561,1786023688-561,Prestige Group Serene Greens,2 BHK Flat,2 BHK,9230000.0,92.3,1025.0,2,2,9005.0,Whitefield,Bangalore,West,Prestige Group,Under Construction,Yes,North-East,Semi-Furnished,5538000.0,5999500.0,6461000.0,6922500.0,7384000.0,7845500.0,8307000.0,8768500.0,9045400.0
562,1786023688-562,DLF Limited Skyline Estate,3 BHK Flat,3 BHK,11990000.0,119.9,1553.0,3,3,7721.0,Koramangala,Bangalore,West,DLF Limited,Under Construction,Yes,West,Fully-Furnished,7194000.0,7793500.0,8393000.0,8992500.0,9592000.0,10191500.0,10791000.0,11390500.0,11750200.0
563,1786023688-563,Godrej Properties Imperia Heights,4 BHK Flat,4 BHK,14140000.0,141.4,1910.0,4,4,7403.0,Indiranagar,Bangalore,South,Godrej Properties,Under Construction,Yes,North,Semi-Furnished,8484000.0,9191000.0,9898000.0,10605000.0,11312000.0,12019000.0,12726000.0,13433000.0,13857200.0
564,1786023688-564,Sobha Limited Elegance Villas,5 BHK Villa,5 BHK,19950000.0,199.5,2319.0,5,4,8603.0,HSR Layout,Bangalore,East,Sobha Limited,Ready To Move,Yes,North-East,Semi-Furnished,11970000.0,12967500.0,13965000.0,14962500.0,15960000.0,16957500.0,17955000.0,18952500.0,19551000.0
565,1786023688-565,Oberoi Realty Urban Towers,1 BHK Flat,1 BHK,4440000.0,44.4,509.0,1,1,8723.0,Electronic City,Bangalore,Central,Oberoi Realty,Under Construction,Yes,North-East,Semi-Furnished,2664000.0,2886000.0,3108000.0,3330000.0,3552000.0,3774000.0,3996000.0,4218000.0,4351200.0
566,1786023688-566,Hiranandani Group Central Park,2 BHK Flat,2 BHK,9440000.0,94.4,965.0,2,2,9782.0,Hebbal,Bangalore,North,Hiranandani Group,Ready To Move,Yes,North-East,Fully-Furnished,5664000.0,6136000.0,6608000.0,7080000.0,7552000.0,8024000.0,8496000.0,8968000.0,9251200.0
567,1786023688-567,Lodha Group Valley Court,3 BHK Flat,3 BHK,13350000.0,133.5,1424.0,3,3,9375.0,Yelahanka,Bangalore,Central,Lodha Group,Under Construction,Yes,North,Unfurnished,8010000.0,8677500.0,9345000.0,10012500.0,10680000.0,11347500.0,12015000.0,12682500.0,13083000.0
568,1786023688-568,Aparna Constructions Heights Gardens,4 BHK Flat,4 BHK,16380000.0,163.8,2012.0,4,4,8141.0,Sarjapur Road,Bangalore,East,Aparna Constructions,Ready To Move,Yes,North-East,Semi-Furnished,9828000.0,10647000.0,11466000.0,12285000.0,13104000.0,13923000.0,14742000.0,15561000.0,16052400.0
569,1786023688-569,Brigade Group Palms Haven,5 BHK Villa,5 BHK,16440000.0,164.4,2346.0,5,4,7008.0,Bellandur,Bangalore,West,Brigade Group,Under Construction,Yes,West,Semi-Furnished,9864000.0,10686000.0,11508000.0,12330000.0,13152000.0,13974000.0,14796000.0,15618000.0,16111200.0
570,1786023688-570,Puravankara Vista Enclave,1 BHK Flat,1 BHK,5750000.0,57.5,686.0,1,1,8382.0,Thanisandra,Bangalore,Central,Puravankara,Ready To Move,Yes,North,Unfurnished,3450000.0,3737500.0,4025000.0,4312500.0,4600000.0,4887500.0,5175000.0,5462500.0,5635000.0
571,1786023688-571,Rustomjee Avenue Square,2 BHK Flat,2 BHK,10850000.0,108.5,1118.0,2,2,9705.0,Marathahalli,Bangalore,Central,Rustomjee,Under Construction,Yes,North-East,Fully-Furnished,6510000.0,7052500.0,7595000.0,8137500.0,8680000.0,9222500.0,9765000.0,10307500.0,10633000.0
572,1786023688-572,Tata Housing Oasis Plaza,3 BHK Flat,3 BHK,11620000.0,116.2,1448.0,3,3,8025.0,Jayanagar,Bangalore,Central,Tata Housing,Under Construction,Yes,North-East,Semi-Furnished,6972000.0,7553000.0,8134000.0,8715000.0,9296000.0,9877000.0,10458000.0,11039000.0,11387600.0
573,1786023688-573,Mahindra Lifespaces Solitaire Terraces,4 BHK Flat,4 BHK,16740000.0,167.4,1850.0,4,4,9049.0,Rajajinagar,Bangalore,East,Mahindra Lifespaces,Under Construction,Yes,North,Unfurnished,10044000.0,10881000.0,11718000.0,12555000.0,13392000.0,14229000.0,15066000.0,15903000.0,16405200.0
574,1786023688-574,Casagrand Signature Residences,5 BHK Villa,5 BHK,21480000.0,214.8,2353.0,5,4,9129.0,Banashankari,Bangalore,Central,Casagrand,Ready To Move,Yes,West,Unfurnished,12888000.0,13962000.0,15036000.0,16110000.0,17184000.0,18258000.0,19332000.0,20406000.0,21050400.0
575,1786023688-575,Kolte-Patil Crown Greens,1 BHK Flat,1 BHK,4950000.0,49.5,536.0,1,1,9235.0,Malleshwaram,Bangalore,Central,Kolte-Patil,Ready To Move,Yes,North-East,Unfurnished,2970000.0,3217500.0,3465000.0,3712500.0,3960000.0,4207500.0,4455000.0,4702500.0,4851000.0
576,1786023688-576,Piramal Realty Royal Estate,2 BHK Flat,2 BHK,10870000.0,108.7,1184.0,2,2,9181.0,Kaggadasapura,Bangalore,North,Piramal Realty,Under Construction,Yes,North-East,Fully-Furnished,6522000.0,7065500.0,7609000.0,8152500.0,8696000.0,9239500.0,9783000.0,10326500.0,10652600.0
577,1786023688-577,Prestige Group Grand Heights,3 BHK Flat,3 BHK,14160000.0,141.6,1598.0,3,3,8861.0,BTM Layout,Bangalore,West,Prestige Group,Ready To Move,Yes,West,Unfurnished,8496000.0,9204000.0,9912000.0,10620000.0,11328000.0,12036000.0,12744000.0,13452000.0,13876800.0
578,1786023688-578,DLF Limited Emerald Villas,4 BHK Flat,4 BHK,18750000.0,187.5,1856.0,4,4,10102.0,JP Nagar,Bangalore,West,DLF Limited,Under Construction,Yes,East,Fully-Furnished,11250000.0,12187500.0,13125000.0,14062500.0,15000000.0,15937500.0,16875000.0,17812500.0,18375000.0
579,1786023688-579,Godrej Properties Serene Towers,5 BHK Villa,5 BHK,21000000.0,210.0,2452.0,5,4,8564.0,C V Raman Nagar,Bangalore,West,Godrej Properties,Ready To Move,Yes,West,Semi-Furnished,12600000.0,13650000.0,14700000.0,15750000.0,16800000.0,17850000.0,18900000.0,19950000.0,20580000.0
580,1786023688-580,Sobha Limited Skyline Park,1 BHK Flat,1 BHK,4540000.0,45.4,521.0,1,1,8714.0,Varthur,Bangalore,South,Sobha Limited,Ready To Move,Yes,East,Unfurnished,2724000.0,2951000.0,3178000.0,3405000.0,3632000.0,3859000.0,4086000.0,4313000.0,4449200.0
581,1786023688-581,Oberoi Realty Imperia Court,2 BHK Flat,2 BHK,7590000.0,75.9,1070.0,2,2,7093.0,Whitefield,Bangalore,East,Oberoi Realty,Ready To Move,Yes,East,Fully-Furnished,4554000.0,4933500.0,5313000.0,5692500.0,6072000.0,6451500.0,6831000.0,7210500.0,7438200.0
582,1786023688-582,Hiranandani Group Elegance Gardens,3 BHK Flat,3 BHK,13140000.0,131.4,1517.0,3,3,8662.0,Koramangala,Bangalore,East,Hiranandani Group,Under Construction,Yes,West,Unfurnished,7884000.0,8541000.0,9198000.0,9855000.0,10512000.0,11169000.0,11826000.0,12483000.0,12877200.0
583,1786023688-583,Lodha Group Urban Haven,4 BHK Flat,4 BHK,16130000.0,161.3,1906.0,4,4,8463.0,Indiranagar,Bangalore,Central,Lodha Group,Under Construction,Yes,East,Semi-Furnished,9678000.0,10484500.0,11291000.0,12097500.0,12904000.0,13710500.0,14517000.0,15323500.0,15807400.0
584,1786023688-584,Aparna Constructions Central Enclave,5 BHK Villa,5 BHK,23510000.0,235.1,2312.0,5,4,10169.0,HSR Layout,Bangalore,East,Aparna Constructions,Under Construction,Yes,North-East,Semi-Furnished,14106000.0,15281500.0,16457000.0,17632500.0,18808000.0,19983500.0,21159000.0,22334500.0,23039800.0
585,1786023688-585,Brigade Group Valley Square,1 BHK Flat,1 BHK,5120000.0,51.2,620.0,1,1,8258.0,Electronic City,Bangalore,East,Brigade Group,Under Construction,Yes,East,Unfurnished,3072000.0,3328000.0,3584000.0,3840000.0,4096000.0,4352000.0,4608000.0,4864000.0,5017600.0
586,1786023688-586,Puravankara Heights Plaza,2 BHK Flat,2 BHK,6970000.0,69.7,969.0,2,2,7193.0,Hebbal,Bangalore,Central,Puravankara,Under Construction,Yes,North,Unfurnished,4182000.0,4530500.0,4879000.0,5227500.0,5576000.0,5924500.0,6273000.0,6621500.0,6830600.0
587,1786023688-587,Rustomjee Palms Terraces,3 BHK Flat,3 BHK,10850000.0,108.5,1425.0,3,3,7614.0,Yelahanka,Bangalore,South,Rustomjee,Ready To Move,Yes,North-East,Fully-Furnished,6510000.0,7052500.0,7595000.0,8137500.0,8680000.0,9222500.0,9765000.0,10307500.0,10633000.0
588,1786023688-588,Tata Housing Vista Residences,4 BHK Flat,4 BHK,15190000.0,151.9,2011.0,4,4,7553.0,Sarjapur Road,Bangalore,East,Tata Housing,Ready To Move,Yes,West,Semi-Furnished,9114000.0,9873500.0,10633000.0,11392500.0,12152000.0,12911500.0,13671000.0,14430500.0,14886200.0
589,1786023688-589,Mahindra Lifespaces Avenue Greens,5 BHK Villa,5 BHK,22810000.0,228.1,2442.0,5,4,9341.0,Bellandur,Bangalore,West,Mahindra Lifespaces,Under Construction,Yes,North-East,Unfurnished,13686000.0,14826500.0,15967000.0,17107500.0,18248000.0,19388500.0,20529000.0,21669500.0,22353800.0
590,1786023688-590,Casagrand Oasis Estate,1 BHK Flat,1 BHK,4560000.0,45.6,509.0,1,1,8959.0,Thanisandra,Bangalore,East,Casagrand,Ready To Move,Yes,North,Semi-Furnished,2736000.0,2964000.0,3192000.0,3420000.0,3648000.0,3876000.0,4104000.0,4332000.0,4468800.0
591,1786023688-591,Kolte-Patil Solitaire Heights,2 BHK Flat,2 BHK,11060000.0,110.6,1173.0,2,2,9429.0,Marathahalli,Bangalore,West,Kolte-Patil,Ready To Move,Yes,North-East,Unfurnished,6636000.0,7189000.0,7742000.0,8295000.0,8848000.0,9401000.0,9954000.0,10507000.0,10838800.0
592,1786023688-592,Piramal Realty Signature Villas,3 BHK Flat,3 BHK,10520000.0,105.2,1542.0,3,3,6822.0,Jayanagar,Bangalore,North,Piramal Realty,Ready To Move,Yes,East,Fully-Furnished,6312000.0,6838000.0,7364000.0,7890000.0,8416000.0,8942000.0,9468000.0,9994000.0,10309600.0
593,1786023688-593,Prestige Group Crown Towers,4 BHK Flat,4 BHK,18910000.0,189.1,1901.0,4,4,9947.0,Rajajinagar,Bangalore,South,Prestige Group,Under Construction,Yes,North,Semi-Furnished,11346000.0,12291500.0,13237000.0,14182500.0,15128000.0,16073500.0,17019000.0,17964500.0,18531800.0
594,1786023688-594,DLF Limited Royal Park,5 BHK Villa,5 BHK,17640000.0,176.4,2470.0,5,4,7142.0,Banashankari,Bangalore,East,DLF Limited,Ready To Move,Yes,East,Fully-Furnished,10584000.0,11466000.0,12348000.0,13230000.0,14112000.0,14994000.0,15876000.0,16758000.0,17287200.0
595,1786023688-595,Godrej Properties Grand Court,1 BHK Flat,1 BHK,4250000.0,42.5,527.0,1,1,8065.0,Malleshwaram,Bangalore,South,Godrej Properties,Ready To Move,Yes,North,Fully-Furnished,2550000.0,2762500.0,2975000.0,3187500.0,3400000.0,3612500.0,3825000.0,4037500.0,4165000.0
596,1786023688-596,Sobha Limited Emerald Gardens,2 BHK Flat,2 BHK,7730000.0,77.3,1099.0,2,2,7034.0,Kaggadasapura,Bangalore,East,Sobha Limited,Under Construction,Yes,North-East,Semi-Furnished,4638000.0,5024500.0,5411000.0,5797500.0,6184000.0,6570500.0,6957000.0,7343500.0,7575400.0
597,1786023688-597,Oberoi Realty Serene Haven,3 BHK Flat,3 BHK,10200000.0,102.0,1434.0,3,3,7113.0,BTM Layout,Bangalore,South,Oberoi Realty,Ready To Move,Yes,North-East,Fully-Furnished,6120000.0,6630000.0,7140000.0,7650000.0,8160000.0,8670000.0,9180000.0,9690000.0,9996000.0
598,1786023688-598,Hiranandani Group Skyline Enclave,4 BHK Flat,4 BHK,15040000.0,150.4,2059.0,4,4,7305.0,JP Nagar,Bangalore,Central,Hiranandani Group,Under Construction,Yes,North-East,Unfurnished,9024000.0,9776000.0,10528000.0,11280000.0,12032000.0,12784000.0,13536000.0,14288000.0,14739200.0
599,1786023688-599,Lodha Group Imperia Square,5 BHK Villa,5 BHK,22210000.0,222.1,2364.0,5,4,9395.0,C V Raman Nagar,Bangalore,South,Lodha Group,Under Construction,Yes,North,Unfurnished,13326000.0,14436500.0,15547000.0,16657500.0,17768000.0,18878500.0,19989000.0,21099500.0,21765800.0
600,1786023688-600,Aparna Constructions Elegance Plaza,1 BHK Flat,1 BHK,7080000.0,70.8,728.0,1,1,9725.0,Varthur,Bangalore,South,Aparna Constructions,Under Construction,Yes,East,Semi-Furnished,4248000.0,4602000.0,4956000.0,5310000.0,5664000.0,6018000.0,6372000.0,6726000.0,6938400.0
601,1786023688-601,Brigade Group Urban Terraces,2 BHK Flat,2 BHK,10090000.0,100.9,1145.0,2,2,8812.0,Whitefield,Bangalore,Central,Brigade Group,Under Construction,Yes,East,Fully-Furnished,6054000.0,6558500.0,7063000.0,7567500.0,8072000.0,8576500.0,9081000.0,9585500.0,9888200.0
602,1786023688-602,Puravankara Central Residences,3 BHK Flat,3 BHK,16580000.0,165.8,1631.0,3,3,10166.0,Koramangala,Bangalore,West,Puravankara,Under Construction,Yes,West,Semi-Furnished,9948000.0,10777000.0,11606000.0,12435000.0,13264000.0,14093000.0,14922000.0,15751000.0,16248400.0
603,1786023688-603,Rustomjee Valley Greens,4 BHK Flat,4 BHK,15240000.0,152.4,1923.0,4,4,7925.0,Indiranagar,Bangalore,West,Rustomjee,Ready To Move,Yes,West,Unfurnished,9144000.0,9906000.0,10668000.0,11430000.0,12192000.0,12954000.0,13716000.0,14478000.0,14935200.0
604,1786023688-604,Tata Housing Heights Estate,5 BHK Villa,5 BHK,16850000.0,168.5,2332.0,5,4,7226.0,HSR Layout,Bangalore,East,Tata Housing,Under Construction,Yes,West,Unfurnished,10110000.0,10952500.0,11795000.0,12637500.0,13480000.0,14322500.0,15165000.0,16007500.0,16513000.0
605,1786023688-605,Mahindra Lifespaces Palms Heights,1 BHK Flat,1 BHK,5580000.0,55.8,625.0,1,1,8928.0,Electronic City,Bangalore,South,Mahindra Lifespaces,Ready To Move,Yes,West,Semi-Furnished,3348000.0,3627000.0,3906000.0,4185000.0,4464000.0,4743000.0,5022000.0,5301000.0,5468400.0
606,1786023688-606,Casagrand Vista Villas,2 BHK Flat,2 BHK,8570000.0,85.7,976.0,2,2,8781.0,Hebbal,Bangalore,South,Casagrand,Ready To Move,Yes,North,Unfurnished,5142000.0,5570500.0,5999000.0,6427500.0,6856000.0,7284500.0,7713000.0,8141500.0,8398600.0
607,1786023688-607,Kolte-Patil Avenue Towers,3 BHK Flat,3 BHK,11850000.0,118.5,1557.0,3,3,7611.0,Yelahanka,Bangalore,South,Kolte-Patil,Under Construction,Yes,North-East,Unfurnished,7110000.0,7702500.0,8295000.0,8887500.0,9480000.0,10072500.0,10665000.0,11257500.0,11613000.0
608,1786023688-608,Piramal Realty Oasis Park,4 BHK Flat,4 BHK,16930000.0,169.3,2026.0,4,4,8356.0,Sarjapur Road,Bangalore,Central,Piramal Realty,Ready To Move,Yes,North,Semi-Furnished,10158000.0,11004500.0,11851000.0,12697500.0,13544000.0,14390500.0,15237000.0,16083500.0,16591400.0
609,1786023688-609,Prestige Group Solitaire Court,5 BHK Villa,5 BHK,18860000.0,188.6,2460.0,5,4,7667.0,Bellandur,Bangalore,South,Prestige Group,Under Construction,Yes,North-East,Unfurnished,11316000.0,12259000.0,13202000.0,14145000.0,15088000.0,16031000.0,16974000.0,17917000.0,18482800.0
610,1786023688-610,DLF Limited Signature Gardens,1 BHK Flat,1 BHK,6800000.0,68.0,703.0,1,1,9673.0,Thanisandra,Bangalore,South,DLF Limited,Ready To Move,Yes,North,Unfurnished,4080000.0,4420000.0,4760000.0,5100000.0,5440000.0,5780000.0,6120000.0,6460000.0,6664000.0
611,1786023688-611,Godrej Properties Crown Haven,2 BHK Flat,2 BHK,9070000.0,90.7,1097.0,2,2,8268.0,Marathahalli,Bangalore,Central,Godrej Properties,Ready To Move,Yes,North-East,Unfurnished,5442000.0,5895500.0,6349000.0,6802500.0,7256000.0,7709500.0,8163000.0,8616500.0,8888600.0
612,1786023688-612,Sobha Limited Royal Enclave,3 BHK Flat,3 BHK,14060000.0,140.6,1496.0,3,3,9398.0,Jayanagar,Bangalore,Central,Sobha Limited,Under Construction,Yes,North-East,Unfurnished,8436000.0,9139000.0,9842000.0,10545000.0,11248000.0,11951000.0,12654000.0,13357000.0,13778800.0
613,1786023688-613,Oberoi Realty Grand Square,4 BHK Flat,4 BHK,19680000.0,196.8,2082.0,4,4,9452.0,Rajajinagar,Bangalore,South,Oberoi Realty,Under Construction,Yes,East,Unfurnished,11808000.0,12792000.0,13776000.0,14760000.0,15744000.0,16728000.0,17712000.0,18696000.0,19286400.0
614,1786023688-614,Hiranandani Group Emerald Plaza,5 BHK Villa,5 BHK,19500000.0,195.0,2328.0,5,4,8376.0,Banashankari,Bangalore,East,Hiranandani Group,Ready To Move,Yes,North,Fully-Furnished,11700000.0,12675000.0,13650000.0,14625000.0,15600000.0,16575000.0,17550000.0,18525000.0,19110000.0
615,1786023688-615,Lodha Group Serene Terraces,1 BHK Flat,1 BHK,5210000.0,52.1,586.0,1,1,8891.0,Malleshwaram,Bangalore,East,Lodha Group,Ready To Move,Yes,North-East,Fully-Furnished,3126000.0,3386500.0,3647000.0,3907500.0,4168000.0,4428500.0,4689000.0,4949500.0,5105800.0
616,1786023688-616,Aparna Constructions Skyline Residences,2 BHK Flat,2 BHK,10250000.0,102.5,1040.0,2,2,9856.0,Kaggadasapura,Bangalore,Central,Aparna Constructions,Ready To Move,Yes,East,Semi-Furnished,6150000.0,6662500.0,7175000.0,7687500.0,8200000.0,8712500.0,9225000.0,9737500.0,10045000.0
617,1786023688-617,Brigade Group Imperia Greens,3 BHK Flat,3 BHK,12680000.0,126.8,1434.0,3,3,8842.0,BTM Layout,Bangalore,North,Brigade Group,Ready To Move,Yes,West,Unfurnished,7608000.0,8242000.0,8876000.0,9510000.0,10144000.0,10778000.0,11412000.0,12046000.0,12426400.0
618,1786023688-618,Puravankara Elegance Estate,4 BHK Flat,4 BHK,16700000.0,167.0,1890.0,4,4,8836.0,JP Nagar,Bangalore,Central,Puravankara,Ready To Move,Yes,West,Semi-Furnished,10020000.0,10855000.0,11690000.0,12525000.0,13360000.0,14195000.0,15030000.0,15865000.0,16366000.0
619,1786023688-619,Rustomjee Urban Heights,5 BHK Villa,5 BHK,16810000.0,168.1,2318.0,5,4,7252.0,C V Raman Nagar,Bangalore,North,Rustomjee,Under Construction,Yes,North,Unfurnished,10086000.0,10926500.0,11767000.0,12607500.0,13448000.0,14288500.0,15129000.0,15969500.0,16473800.0
620,1786023688-620,Tata Housing Central Villas,1 BHK Flat,1 BHK,4410000.0,44.1,577.0,1,1,7643.0,Varthur,Bangalore,North,Tata Housing,Ready To Move,Yes,North,Unfurnished,2646000.0,2866500.0,3087000.0,3307500.0,3528000.0,3748500.0,3969000.0,4189500.0,4321800.0
621,1786023688-621,Mahindra Lifespaces Valley Towers,2 BHK Flat,2 BHK,8350000.0,83.5,1194.0,2,2,6993.0,Whitefield,Bangalore,South,Mahindra Lifespaces,Under Construction,Yes,West,Fully-Furnished,5010000.0,5427500.0,5845000.0,6262500.0,6680000.0,7097500.0,7515000.0,7932500.0,8183000.0
622,1786023688-622,Casagrand Heights Park,3 BHK Flat,3 BHK,12170000.0,121.7,1578.0,3,3,7712.0,Koramangala,Bangalore,Central,Casagrand,Ready To Move,Yes,North,Unfurnished,7302000.0,7910500.0,8519000.0,9127500.0,9736000.0,10344500.0,10953000.0,11561500.0,11926600.0
623,1786023688-623,Kolte-Patil Palms Court,4 BHK Flat,4 BHK,16580000.0,165.8,2010.0,4,4,8249.0,Indiranagar,Bangalore,South,Kolte-Patil,Under Construction,Yes,North-East,Fully-Furnished,9948000.0,10777000.0,11606000.0,12435000.0,13264000.0,14093000.0,14922000.0,15751000.0,16248400.0
624,1786023688-624,Piramal Realty Vista Gardens,5 BHK Villa,5 BHK,24100000.0,241.0,2416.0,5,4,9975.0,HSR Layout,Bangalore,North,Piramal Realty,Ready To Move,Yes,West,Fully-Furnished,14460000.0,15665000.0,16870000.0,18075000.0,19280000.0,20485000.0,21690000.0,22895000.0,23618000.0
625,1786023688-625,Prestige Group Avenue Haven,1 BHK Flat,1 BHK,6510000.0,65.1,736.0,1,1,8845.0,Electronic City,Bangalore,North,Prestige Group,Under Construction,Yes,North,Unfurnished,3906000.0,4231500.0,4557000.0,4882500.0,5208000.0,5533500.0,5859000.0,6184500.0,6379800.0
626,1786023688-626,DLF Limited Oasis Enclave,2 BHK Flat,2 BHK,8460000.0,84.6,995.0,2,2,8503.0,Hebbal,Bangalore,East,DLF Limited,Under Construction,Yes,North-East,Semi-Furnished,5076000.0,5499000.0,5922000.0,6345000.0,6768000.0,7191000.0,7614000.0,8037000.0,8290800.0
627,1786023688-627,Godrej Properties Solitaire Square,3 BHK Flat,3 BHK,14620000.0,146.2,1642.0,3,3,8904.0,Yelahanka,Bangalore,East,Godrej Properties,Under Construction,Yes,North,Fully-Furnished,8772000.0,9503000.0,10234000.0,10965000.0,11696000.0,12427000.0,13158000.0,13889000.0,14327600.0
628,1786023688-628,Sobha Limited Signature Plaza,4 BHK Flat,4 BHK,18440000.0,184.4,2096.0,4,4,8798.0,Sarjapur Road,Bangalore,South,Sobha Limited,Ready To Move,Yes,West,Semi-Furnished,11064000.0,11986000.0,12908000.0,13830000.0,14752000.0,15674000.0,16596000.0,17518000.0,18071200.0
629,1786023688-629,Oberoi Realty Crown Terraces,5 BHK Villa,5 BHK,19450000.0,194.5,2446.0,5,4,7952.0,Bellandur,Bangalore,North,Oberoi Realty,Under Construction,Yes,West,Semi-Furnished,11670000.0,12642500.0,13615000.0,14587500.0,15560000.0,16532500.0,17505000.0,18477500.0,19061000.0
630,1786023688-630,Hiranandani Group Royal Residences,1 BHK Flat,1 BHK,5180000.0,51.8,547.0,1,1,9470.0,Thanisandra,Bangalore,West,Hiranandani Group,Under Construction,Yes,North-East,Fully-Furnished,3108000.0,3367000.0,3626000.0,3885000.0,4144000.0,4403000.0,4662000.0,4921000.0,5076400.0
631,1786023688-631,Lodha Group Grand Greens,2 BHK Flat,2 BHK,8750000.0,87.5,967.0,2,2,9049.0,Marathahalli,Bangalore,East,Lodha Group,Under Construction,Yes,West,Unfurnished,5250000.0,5687500.0,6125000.0,6562500.0,7000000.0,7437500.0,7875000.0,8312500.0,8575000.0
632,1786023688-632,Aparna Constructions Emerald Estate,3 BHK Flat,3 BHK,11150000.0,111.5,1429.0,3,3,7803.0,Jayanagar,Bangalore,Central,Aparna Constructions,Ready To Move,Yes,North-East,Fully-Furnished,6690000.0,7247500.0,7805000.0,8362500.0,8920000.0,9477500.0,10035000.0,10592500.0,10927000.0
633,1786023688-633,Brigade Group Serene Heights,4 BHK Flat,4 BHK,19640000.0,196.4,1948.0,4,4,10082.0,Rajajinagar,Bangalore,Central,Brigade Group,Ready To Move,Yes,North,Fully-Furnished,11784000.0,12766000.0,13748000.0,14730000.0,15712000.0,16694000.0,17676000.0,18658000.0,19247200.0
634,1786023688-634,Puravankara Skyline Villas,5 BHK Villa,5 BHK,18120000.0,181.2,2372.0,5,4,7639.0,Banashankari,Bangalore,North,Puravankara,Under Construction,Yes,North-East,Unfurnished,10872000.0,11778000.0,12684000.0,13590000.0,14496000.0,15402000.0,16308000.0,17214000.0,17757600.0
635,1786023688-635,Rustomjee Imperia Towers,1 BHK Flat,1 BHK,4140000.0,41.4,559.0,1,1,7406.0,Malleshwaram,Bangalore,South,Rustomjee,Under Construction,Yes,West,Semi-Furnished,2484000.0,2691000.0,2898000.0,3105000.0,3312000.0,3519000.0,3726000.0,3933000.0,4057200.0
636,1786023688-636,Tata Housing Elegance Park,2 BHK Flat,2 BHK,9330000.0,93.3,1080.0,2,2,8639.0,Kaggadasapura,Bangalore,East,Tata Housing,Under Construction,Yes,North-East,Unfurnished,5598000.0,6064500.0,6531000.0,6997500.0,7464000.0,7930500.0,8397000.0,8863500.0,9143400.0
637,1786023688-637,Mahindra Lifespaces Urban Court,3 BHK Flat,3 BHK,15150000.0,151.5,1496.0,3,3,10127.0,BTM Layout,Bangalore,East,Mahindra Lifespaces,Ready To Move,Yes,North,Fully-Furnished,9090000.0,9847500.0,10605000.0,11362500.0,12120000.0,12877500.0,13635000.0,14392500.0,14847000.0
638,1786023688-638,Casagrand Central Gardens,4 BHK Flat,4 BHK,14760000.0,147.6,2021.0,4,4,7303.0,JP Nagar,Bangalore,West,Casagrand,Under Construction,Yes,West,Unfurnished,8856000.0,9594000.0,10332000.0,11070000.0,11808000.0,12546000.0,13284000.0,14022000.0,14464800.0
639,1786023688-639,Kolte-Patil Valley Haven,5 BHK Villa,5 BHK,16410000.0,164.1,2319.0,5,4,7076.0,C V Raman Nagar,Bangalore,West,Kolte-Patil,Under Construction,Yes,West,Fully-Furnished,9846000.0,10666500.0,11487000.0,12307500.0,13128000.0,13948500.0,14769000.0,15589500.0,16081800.0
640,1786023688-640,Piramal Realty Heights Enclave,1 BHK Flat,1 BHK,5700000.0,57.0,605.0,1,1,9421.0,Varthur,Bangalore,Central,Piramal Realty,Under Construction,Yes,East,Semi-Furnished,3420000.0,3705000.0,3990000.0,4275000.0,4560000.0,4845000.0,5130000.0,5415000.0,5586000.0
641,1786023688-641,Prestige Group Palms Square,2 BHK Flat,2 BHK,9020000.0,90.2,974.0,2,2,9261.0,Whitefield,Bangalore,East,Prestige Group,Ready To Move,Yes,North-East,Fully-Furnished,5412000.0,5863000.0,6314000.0,6765000.0,7216000.0,7667000.0,8118000.0,8569000.0,8839600.0
642,1786023688-642,DLF Limited Vista Plaza,3 BHK Flat,3 BHK,10840000.0,108.4,1486.0,3,3,7295.0,Koramangala,Bangalore,South,DLF Limited,Under Construction,Yes,North,Unfurnished,6504000.0,7046000.0,7588000.0,8130000.0,8672000.0,9214000.0,9756000.0,10298000.0,10623200.0
643,1786023688-643,Godrej Properties Avenue Terraces,4 BHK Flat,4 BHK,14930000.0,149.3,2006.0,4,4,7443.0,Indiranagar,Bangalore,Central,Godrej Properties,Ready To Move,Yes,West,Semi-Furnished,8958000.0,9704500.0,10451000.0,11197500.0,11944000.0,12690500.0,13437000.0,14183500.0,14631400.0
644,1786023688-644,Sobha Limited Oasis Residences,5 BHK Villa,5 BHK,19750000.0,197.5,2418.0,5,4,8168.0,HSR Layout,Bangalore,East,Sobha Limited,Ready To Move,Yes,East,Fully-Furnished,11850000.0,12837500.0,13825000.0,14812500.0,15800000.0,16787500.0,17775000.0,18762500.0,19355000.0
645,1786023688-645,Oberoi Realty Solitaire Greens,1 BHK Flat,1 BHK,3680000.0,36.8,536.0,1,1,6866.0,Electronic City,Bangalore,North,Oberoi Realty,Ready To Move,Yes,North-East,Semi-Furnished,2208000.0,2392000.0,2576000.0,2760000.0,2944000.0,3128000.0,3312000.0,3496000.0,3606400.0
646,1786023688-646,Hiranandani Group Signature Estate,2 BHK Flat,2 BHK,9610000.0,96.1,1198.0,2,2,8022.0,Hebbal,Bangalore,Central,Hiranandani Group,Ready To Move,Yes,East,Unfurnished,5766000.0,6246500.0,6727000.0,7207500.0,7688000.0,8168500.0,8649000.0,9129500.0,9417800.0
647,1786023688-647,Lodha Group Crown Heights,3 BHK Flat,3 BHK,14760000.0,147.6,1469.0,3,3,10048.0,Yelahanka,Bangalore,Central,Lodha Group,Under Construction,Yes,North-East,Fully-Furnished,8856000.0,9594000.0,10332000.0,11070000.0,11808000.0,12546000.0,13284000.0,14022000.0,14464800.0
648,1786023688-648,Aparna Constructions Royal Villas,4 BHK Flat,4 BHK,14050000.0,140.5,1985.0,4,4,7078.0,Sarjapur Road,Bangalore,North,Aparna Constructions,Under Construction,Yes,North-East,Fully-Furnished,8430000.0,9132500.0,9835000.0,10537500.0,11240000.0,11942500.0,12645000.0,13347500.0,13769000.0
649,1786023688-649,Brigade Group Grand Towers,5 BHK Villa,5 BHK,20470000.0,204.7,2511.0,5,4,8152.0,Bellandur,Bangalore,Central,Brigade Group,Under Construction,Yes,West,Semi-Furnished,12282000.0,13305500.0,14329000.0,15352500.0,16376000.0,17399500.0,18423000.0,19446500.0,20060600.0
650,1786023688-650,Puravankara Emerald Park,1 BHK Flat,1 BHK,4980000.0,49.8,566.0,1,1,8799.0,Thanisandra,Bangalore,East,Puravankara,Under Construction,Yes,North,Unfurnished,2988000.0,3237000.0,3486000.0,3735000.0,3984000.0,4233000.0,4482000.0,4731000.0,4880400.0
651,1786023688-651,Rustomjee Serene Court,2 BHK Flat,2 BHK,8690000.0,86.9,1163.0,2,2,7472.0,Marathahalli,Bangalore,South,Rustomjee,Ready To Move,Yes,North-East,Fully-Furnished,5214000.0,5648500.0,6083000.0,6517500.0,6952000.0,7386500.0,7821000.0,8255500.0,8516200.0
652,1786023688-652,Tata Housing Skyline Gardens,3 BHK Flat,3 BHK,16030000.0,160.3,1585.0,3,3,10114.0,Jayanagar,Bangalore,South,Tata Housing,Under Construction,Yes,West,Unfurnished,9618000.0,10419500.0,11221000.0,12022500.0,12824000.0,13625500.0,14427000.0,15228500.0,15709400.0
653,1786023688-653,Mahindra Lifespaces Imperia Haven,4 BHK Flat,4 BHK,17690000.0,176.9,2058.0,4,4,8596.0,Rajajinagar,Bangalore,Central,Mahindra Lifespaces,Under Construction,Yes,East,Fully-Furnished,10614000.0,11498500.0,12383000.0,13267500.0,14152000.0,15036500.0,15921000.0,16805500.0,17336200.0
654,1786023688-654,Casagrand Elegance Enclave,5 BHK Villa,5 BHK,20940000.0,209.4,2437.0,5,4,8593.0,Banashankari,Bangalore,South,Casagrand,Under Construction,Yes,North,Unfurnished,12564000.0,13611000.0,14658000.0,15705000.0,16752000.0,17799000.0,18846000.0,19893000.0,20521200.0
655,1786023688-655,Kolte-Patil Urban Square,1 BHK Flat,1 BHK,4590000.0,45.9,624.0,1,1,7356.0,Malleshwaram,Bangalore,Central,Kolte-Patil,Ready To Move,Yes,North,Fully-Furnished,2754000.0,2983500.0,3213000.0,3442500.0,3672000.0,3901500.0,4131000.0,4360500.0,4498200.0
656,1786023688-656,Piramal Realty Central Plaza,2 BHK Flat,2 BHK,8850000.0,88.5,972.0,2,2,9105.0,Kaggadasapura,Bangalore,West,Piramal Realty,Under Construction,Yes,North,Semi-Furnished,5310000.0,5752500.0,6195000.0,6637500.0,7080000.0,7522500.0,7965000.0,8407500.0,8673000.0
657,1786023688-657,Prestige Group Valley Terraces,3 BHK Flat,3 BHK,13320000.0,133.2,1536.0,3,3,8672.0,BTM Layout,Bangalore,South,Prestige Group,Ready To Move,Yes,West,Semi-Furnished,7992000.0,8658000.0,9324000.0,9990000.0,10656000.0,11322000.0,11988000.0,12654000.0,13053600.0
658,1786023688-658,DLF Limited Heights Residences,4 BHK Flat,4 BHK,19530000.0,195.3,1997.0,4,4,9780.0,JP Nagar,Bangalore,East,DLF Limited,Ready To Move,Yes,West,Fully-Furnished,11718000.0,12694500.0,13671000.0,14647500.0,15624000.0,16600500.0,17577000.0,18553500.0,19139400.0
659,1786023688-659,Godrej Properties Palms Greens,5 BHK Villa,5 BHK,21660000.0,216.6,2400.0,5,4,9025.0,C V Raman Nagar,Bangalore,North,Godrej Properties,Under Construction,Yes,West,Semi-Furnished,12996000.0,14079000.0,15162000.0,16245000.0,17328000.0,18411000.0,19494000.0,20577000.0,21226800.0
660,1786023688-660,Sobha Limited Vista Estate,1 BHK Flat,1 BHK,3770000.0,37.7,551.0,1,1,6842.0,Varthur,Bangalore,South,Sobha Limited,Ready To Move,Yes,West,Unfurnished,2262000.0,2450500.0,2639000.0,2827500.0,3016000.0,3204500.0,3393000.0,3581500.0,3694600.0
661,1786023688-661,Oberoi Realty Avenue Heights,2 BHK Flat,2 BHK,8370000.0,83.7,1016.0,2,2,8238.0,Whitefield,Bangalore,West,Oberoi Realty,Under Construction,Yes,North,Fully-Furnished,5022000.0,5440500.0,5859000.0,6277500.0,6696000.0,7114500.0,7533000.0,7951500.0,8202600.0
662,1786023688-662,Hiranandani Group Oasis Villas,3 BHK Flat,3 BHK,13640000.0,136.4,1523.0,3,3,8956.0,Koramangala,Bangalore,West,Hiranandani Group,Ready To Move,Yes,North,Unfurnished,8184000.0,8866000.0,9548000.0,10230000.0,10912000.0,11594000.0,12276000.0,12958000.0,13367200.0
663,1786023688-663,Lodha Group Solitaire Towers,4 BHK Flat,4 BHK,15050000.0,150.5,1975.0,4,4,7620.0,Indiranagar,Bangalore,North,Lodha Group,Ready To Move,Yes,West,Semi-Furnished,9030000.0,9782500.0,10535000.0,11287500.0,12040000.0,12792500.0,13545000.0,14297500.0,14749000.0
664,1786023688-664,Aparna Constructions Signature Park,5 BHK Villa,5 BHK,21730000.0,217.3,2329.0,5,4,9330.0,HSR Layout,Bangalore,South,Aparna Constructions,Ready To Move,Yes,West,Unfurnished,13038000.0,14124500.0,15211000.0,16297500.0,17384000.0,18470500.0,19557000.0,20643500.0,21295400.0
665,1786023688-665,Brigade Group Crown Court,1 BHK Flat,1 BHK,3460000.0,34.6,506.0,1,1,6838.0,Electronic City,Bangalore,South,Brigade Group,Under Construction,Yes,East,Unfurnished,2076000.0,2249000.0,2422000.0,2595000.0,2768000.0,2941000.0,3114000.0,3287000.0,3390800.0
666,1786023688-666,Puravankara Royal Gardens,2 BHK Flat,2 BHK,9750000.0,97.5,1024.0,2,2,9521.0,Hebbal,Bangalore,South,Puravankara,Ready To Move,Yes,North-East,Fully-Furnished,5850000.0,6337500.0,6825000.0,7312500.0,7800000.0,8287500.0,8775000.0,9262500.0,9555000.0
667,1786023688-667,Rustomjee Grand Haven,3 BHK Flat,3 BHK,15180000.0,151.8,1537.0,3,3,9876.0,Yelahanka,Bangalore,North,Rustomjee,Ready To Move,Yes,North,Unfurnished,9108000.0,9867000.0,10626000.0,11385000.0,12144000.0,12903000.0,13662000.0,14421000.0,14876400.0
668,1786023688-668,Tata Housing Emerald Enclave,4 BHK Flat,4 BHK,20490000.0,204.9,2009.0,4,4,10199.0,Sarjapur Road,Bangalore,North,Tata Housing,Ready To Move,Yes,West,Unfurnished,12294000.0,13318500.0,14343000.0,15367500.0,16392000.0,17416500.0,18441000.0,19465500.0,20080200.0
669,1786023688-669,Mahindra Lifespaces Serene Square,5 BHK Villa,5 BHK,24300000.0,243.0,2434.0,5,4,9984.0,Bellandur,Bangalore,East,Mahindra Lifespaces,Ready To Move,Yes,North-East,Fully-Furnished,14580000.0,15795000.0,17010000.0,18225000.0,19440000.0,20655000.0,21870000.0,23085000.0,23814000.0
670,1786023688-670,Casagrand Skyline Plaza,1 BHK Flat,1 BHK,4870000.0,48.7,583.0,1,1,8353.0,Thanisandra,Bangalore,East,Casagrand,Under Construction,Yes,West,Unfurnished,2922000.0,3165500.0,3409000.0,3652500.0,3896000.0,4139500.0,4383000.0,4626500.0,4772600.0
671,1786023688-671,Kolte-Patil Imperia Terraces,2 BHK Flat,2 BHK,9260000.0,92.6,1157.0,2,2,8003.0,Marathahalli,Bangalore,North,Kolte-Patil,Ready To Move,Yes,North,Unfurnished,5556000.0,6019000.0,6482000.0,6945000.0,7408000.0,7871000.0,8334000.0,8797000.0,9074800.0
672,1786023688-672,Piramal Realty Elegance Residences,3 BHK Flat,3 BHK,14420000.0,144.2,1548.0,3,3,9315.0,Jayanagar,Bangalore,West,Piramal Realty,Ready To Move,Yes,East,Fully-Furnished,8652000.0,9373000.0,10094000.0,10815000.0,11536000.0,12257000.0,12978000.0,13699000.0,14131600.0
673,1786023688-673,Prestige Group Urban Greens,4 BHK Flat,4 BHK,17130000.0,171.3,1997.0,4,4,8578.0,Rajajinagar,Bangalore,South,Prestige Group,Ready To Move,Yes,North-East,Semi-Furnished,10278000.0,11134500.0,11991000.0,12847500.0,13704000.0,14560500.0,15417000.0,16273500.0,16787400.0
674,1786023688-674,DLF Limited Central Estate,5 BHK Villa,5 BHK,23600000.0,236.0,2415.0,5,4,9772.0,Banashankari,Bangalore,West,DLF Limited,Ready To Move,Yes,East,Unfurnished,14160000.0,15340000.0,16520000.0,17700000.0,18880000.0,20060000.0,21240000.0,22420000.0,23128000.0
675,1786023688-675,Godrej Properties Valley Heights,1 BHK Flat,1 BHK,4510000.0,45.1,558.0,1,1,8082.0,Malleshwaram,Bangalore,South,Godrej Properties,Ready To Move,Yes,West,Fully-Furnished,2706000.0,2931500.0,3157000.0,3382500.0,3608000.0,3833500.0,4059000.0,4284500.0,4419800.0
676,1786023688-676,Sobha Limited Heights Villas,2 BHK Flat,2 BHK,8540000.0,85.4,1056.0,2,2,8087.0,Kaggadasapura,Bangalore,West,Sobha Limited,Ready To Move,Yes,North,Fully-Furnished,5124000.0,5551000.0,5978000.0,6405000.0,6832000.0,7259000.0,7686000.0,8113000.0,8369200.0
677,1786023688-677,Oberoi Realty Palms Towers,3 BHK Flat,3 BHK,13060000.0,130.6,1523.0,3,3,8575.0,BTM Layout,Bangalore,Central,Oberoi Realty,Ready To Move,Yes,East,Semi-Furnished,7836000.0,8489000.0,9142000.0,9795000.0,10448000.0,11101000.0,11754000.0,12407000.0,12798800.0
678,1786023688-678,Hiranandani Group Vista Park,4 BHK Flat,4 BHK,17810000.0,178.1,1974.0,4,4,9022.0,JP Nagar,Bangalore,Central,Hiranandani Group,Ready To Move,Yes,North-East,Fully-Furnished,10686000.0,11576500.0,12467000.0,13357500.0,14248000.0,15138500.0,16029000.0,16919500.0,17453800.0
679,1786023688-679,Lodha Group Avenue Court,5 BHK Villa,5 BHK,25640000.0,256.4,2535.0,5,4,10114.0,C V Raman Nagar,Bangalore,West,Lodha Group,Under Construction,Yes,North-East,Fully-Furnished,15384000.0,16666000.0,17948000.0,19230000.0,20512000.0,21794000.0,23076000.0,24358000.0,25127200.0
680,1786023688-680,Aparna Constructions Oasis Gardens,1 BHK Flat,1 BHK,6070000.0,60.7,705.0,1,1,8610.0,Varthur,Bangalore,North,Aparna Constructions,Under Construction,Yes,West,Semi-Furnished,3642000.0,3945500.0,4249000.0,4552500.0,4856000.0,5159500.0,5463000.0,5766500.0,5948600.0
681,1786023688-681,Brigade Group Solitaire Haven,2 BHK Flat,2 BHK,8180000.0,81.8,1068.0,2,2,7659.0,Whitefield,Bangalore,Central,Brigade Group,Under Construction,Yes,North,Semi-Furnished,4908000.0,5317000.0,5726000.0,6135000.0,6544000.0,6953000.0,7362000.0,7771000.0,8016400.0
682,1786023688-682,Puravankara Signature Enclave,3 BHK Flat,3 BHK,14330000.0,143.3,1535.0,3,3,9336.0,Koramangala,Bangalore,North,Puravankara,Under Construction,Yes,East,Fully-Furnished,8598000.0,9314500.0,10031000.0,10747500.0,11464000.0,12180500.0,12897000.0,13613500.0,14043400.0
683,1786023688-683,Rustomjee Crown Square,4 BHK Flat,4 BHK,15410000.0,154.1,1877.0,4,4,8210.0,Indiranagar,Bangalore,East,Rustomjee,Under Construction,Yes,North-East,Unfurnished,9246000.0,10016500.0,10787000.0,11557500.0,12328000.0,13098500.0,13869000.0,14639500.0,15101800.0
684,1786023688-684,Tata Housing Royal Plaza,5 BHK Villa,5 BHK,22090000.0,220.9,2362.0,5,4,9352.0,HSR Layout,Bangalore,South,Tata Housing,Ready To Move,Yes,North-East,Fully-Furnished,13254000.0,14358500.0,15463000.0,16567500.0,17672000.0,18776500.0,19881000.0,20985500.0,21648200.0
685,1786023688-685,Mahindra Lifespaces Grand Terraces,1 BHK Flat,1 BHK,4630000.0,46.3,586.0,1,1,7901.0,Electronic City,Bangalore,East,Mahindra Lifespaces,Under Construction,Yes,West,Unfurnished,2778000.0,3009500.0,3241000.0,3472500.0,3704000.0,3935500.0,4167000.0,4398500.0,4537400.0
686,1786023688-686,Casagrand Emerald Residences,2 BHK Flat,2 BHK,9390000.0,93.9,1192.0,2,2,7878.0,Hebbal,Bangalore,East,Casagrand,Under Construction,Yes,East,Unfurnished,5634000.0,6103500.0,6573000.0,7042500.0,7512000.0,7981500.0,8451000.0,8920500.0,9202200.0
687,1786023688-687,Kolte-Patil Serene Greens,3 BHK Flat,3 BHK,13960000.0,139.6,1627.0,3,3,8580.0,Yelahanka,Bangalore,Central,Kolte-Patil,Under Construction,Yes,West,Fully-Furnished,8376000.0,9074000.0,9772000.0,10470000.0,11168000.0,11866000.0,12564000.0,13262000.0,13680800.0
688,1786023688-688,Piramal Realty Skyline Estate,4 BHK Flat,4 BHK,19840000.0,198.4,2001.0,4,4,9915.0,Sarjapur Road,Bangalore,North,Piramal Realty,Ready To Move,Yes,West,Fully-Furnished,11904000.0,12896000.0,13888000.0,14880000.0,15872000.0,16864000.0,17856000.0,18848000.0,19443200.0
689,1786023688-689,Prestige Group Imperia Heights,5 BHK Villa,5 BHK,19680000.0,196.8,2326.0,5,4,8461.0,Bellandur,Bangalore,East,Prestige Group,Ready To Move,Yes,West,Unfurnished,11808000.0,12792000.0,13776000.0,14760000.0,15744000.0,16728000.0,17712000.0,18696000.0,19286400.0
690,1786023688-690,DLF Limited Elegance Villas,1 BHK Flat,1 BHK,4210000.0,42.1,570.0,1,1,7386.0,Thanisandra,Bangalore,East,DLF Limited,Ready To Move,Yes,North-East,Unfurnished,2526000.0,2736500.0,2947000.0,3157500.0,3368000.0,3578500.0,3789000.0,3999500.0,4125800.0
691,1786023688-691,Godrej Properties Urban Towers,2 BHK Flat,2 BHK,8760000.0,87.6,1114.0,2,2,7864.0,Marathahalli,Bangalore,South,Godrej Properties,Under Construction,Yes,East,Fully-Furnished,5256000.0,5694000.0,6132000.0,6570000.0,7008000.0,7446000.0,7884000.0,8322000.0,8584800.0
692,1786023688-692,Sobha Limited Central Park,3 BHK Flat,3 BHK,11840000.0,118.4,1500.0,3,3,7893.0,Jayanagar,Bangalore,East,Sobha Limited,Ready To Move,Yes,North,Unfurnished,7104000.0,7696000.0,8288000.0,8880000.0,9472000.0,10064000.0,10656000.0,11248000.0,11603200.0
693,1786023688-693,Oberoi Realty Valley Court,4 BHK Flat,4 BHK,17560000.0,175.6,2016.0,4,4,8710.0,Rajajinagar,Bangalore,West,Oberoi Realty,Ready To Move,Yes,East,Semi-Furnished,10536000.0,11414000.0,12292000.0,13170000.0,14048000.0,14926000.0,15804000.0,16682000.0,17208800.0
694,1786023688-694,Hiranandani Group Heights Gardens,5 BHK Villa,5 BHK,21600000.0,216.0,2399.0,5,4,9004.0,Banashankari,Bangalore,East,Hiranandani Group,Under Construction,Yes,North-East,Semi-Furnished,12960000.0,14040000.0,15120000.0,16200000.0,17280000.0,18360000.0,19440000.0,20520000.0,21168000.0
695,1786023688-695,Lodha Group Palms Haven,1 BHK Flat,1 BHK,4580000.0,45.8,618.0,1,1,7411.0,Malleshwaram,Bangalore,North,Lodha Group,Ready To Move,Yes,North-East,Fully-Furnished,2748000.0,2977000.0,3206000.0,3435000.0,3664000.0,3893000.0,4122000.0,4351000.0,4488400.0
696,1786023688-696,Aparna Constructions Vista Enclave,2 BHK Flat,2 BHK,10740000.0,107.4,1182.0,2,2,9086.0,Kaggadasapura,Bangalore,Central,Aparna Constructions,Ready To Move,Yes,North-East,Fully-Furnished,6444000.0,6981000.0,7518000.0,8055000.0,8592000.0,9129000.0,9666000.0,10203000.0,10525200.0
697,1786023688-697,Brigade Group Avenue Square,3 BHK Flat,3 BHK,13790000.0,137.9,1487.0,3,3,9274.0,BTM Layout,Bangalore,East,Brigade Group,Under Construction,Yes,West,Semi-Furnished,8274000.0,8963500.0,9653000.0,10342500.0,11032000.0,11721500.0,12411000.0,13100500.0,13514200.0
698,1786023688-698,Puravankara Oasis Plaza,4 BHK Flat,4 BHK,13550000.0,135.5,1938.0,4,4,6992.0,JP Nagar,Bangalore,Central,Puravankara,Under Construction,Yes,West,Semi-Furnished,8130000.0,8807500.0,9485000.0,10162500.0,10840000.0,11517500.0,12195000.0,12872500.0,13279000.0
699,1786023688-699,Rustomjee Solitaire Terraces,5 BHK Villa,5 BHK,17950000.0,179.5,2486.0,5,4,7220.0,C V Raman Nagar,Bangalore,Central,Rustomjee,Under Construction,Yes,East,Fully-Furnished,10770000.0,11667500.0,12565000.0,13462500.0,14360000.0,15257500.0,16155000.0,17052500.0,17591000.0
700,1786023688-700,Tata Housing Signature Residences,1 BHK Flat,1 BHK,5340000.0,53.4,554.0,1,1,9639.0,Varthur,Bangalore,South,Tata Housing,Ready To Move,Yes,North-East,Semi-Furnished,3204000.0,3471000.0,3738000.0,4005000.0,4272000.0,4539000.0,4806000.0,5073000.0,5233200.0
701,1786023688-701,Mahindra Lifespaces Crown Greens,2 BHK Flat,2 BHK,9020000.0,90.2,958.0,2,2,9415.0,Whitefield,Bangalore,Central,Mahindra Lifespaces,Ready To Move,Yes,East,Unfurnished,5412000.0,5863000.0,6314000.0,6765000.0,7216000.0,7667000.0,8118000.0,8569000.0,8839600.0
702,1786023688-702,Casagrand Royal Estate,3 BHK Flat,3 BHK,11480000.0,114.8,1525.0,3,3,7528.0,Koramangala,Bangalore,South,Casagrand,Ready To Move,Yes,North,Unfurnished,6888000.0,7462000.0,8036000.0,8610000.0,9184000.0,9758000.0,10332000.0,10906000.0,11250400.0
703,1786023688-703,Kolte-Patil Grand Heights,4 BHK Flat,4 BHK,18000000.0,180.0,2062.0,4,4,8729.0,Indiranagar,Bangalore,North,Kolte-Patil,Under Construction,Yes,East,Unfurnished,10800000.0,11700000.0,12600000.0,13500000.0,14400000.0,15300000.0,16200000.0,17100000.0,17640000.0
704,1786023688-704,Piramal Realty Emerald Villas,5 BHK Villa,5 BHK,18930000.0,189.3,2311.0,5,4,8191.0,HSR Layout,Bangalore,West,Piramal Realty,Ready To Move,Yes,East,Semi-Furnished,11358000.0,12304500.0,13251000.0,14197500.0,15144000.0,16090500.0,17037000.0,17983500.0,18551400.0
705,1786023688-705,Prestige Group Serene Towers,1 BHK Flat,1 BHK,5140000.0,51.4,719.0,1,1,7149.0,Electronic City,Bangalore,Central,Prestige Group,Ready To Move,Yes,East,Unfurnished,3084000.0,3341000.0,3598000.0,3855000.0,4112000.0,4369000.0,4626000.0,4883000.0,5037200.0
706,1786023688-706,DLF Limited Skyline Park,2 BHK Flat,2 BHK,7860000.0,78.6,1065.0,2,2,7380.0,Hebbal,Bangalore,South,DLF Limited,Ready To Move,Yes,West,Unfurnished,4716000.0,5109000.0,5502000.0,5895000.0,6288000.0,6681000.0,7074000.0,7467000.0,7702800.0
707,1786023688-707,Godrej Properties Imperia Court,3 BHK Flat,3 BHK,11350000.0,113.5,1434.0,3,3,7915.0,Yelahanka,Bangalore,East,Godrej Properties,Under Construction,Yes,West,Fully-Furnished,6810000.0,7377500.0,7945000.0,8512500.0,9080000.0,9647500.0,10215000.0,10782500.0,11123000.0
708,1786023688-708,Sobha Limited Elegance Gardens,4 BHK Flat,4 BHK,17010000.0,170.1,1985.0,4,4,8569.0,Sarjapur Road,Bangalore,East,Sobha Limited,Under Construction,Yes,East,Unfurnished,10206000.0,11056500.0,11907000.0,12757500.0,13608000.0,14458500.0,15309000.0,16159500.0,16669800.0
709,1786023688-709,Oberoi Realty Urban Haven,5 BHK Villa,5 BHK,24660000.0,246.6,2501.0,5,4,9860.0,Bellandur,Bangalore,West,Oberoi Realty,Ready To Move,Yes,East,Semi-Furnished,14796000.0,16029000.0,17262000.0,18495000.0,19728000.0,20961000.0,22194000.0,23427000.0,24166800.0
710,1786023688-710,Hiranandani Group Central Enclave,1 BHK Flat,1 BHK,5560000.0,55.6,579.0,1,1,9603.0,Thanisandra,Bangalore,East,Hiranandani Group,Under Construction,Yes,East,Unfurnished,3336000.0,3614000.0,3892000.0,4170000.0,4448000.0,4726000.0,5004000.0,5282000.0,5448800.0
711,1786023688-711,Lodha Group Valley Square,2 BHK Flat,2 BHK,7660000.0,76.6,1087.0,2,2,7047.0,Marathahalli,Bangalore,North,Lodha Group,Ready To Move,Yes,North-East,Semi-Furnished,4596000.0,4979000.0,5362000.0,5745000.0,6128000.0,6511000.0,6894000.0,7277000.0,7506800.0
712,1786023688-712,Aparna Constructions Heights Plaza,3 BHK Flat,3 BHK,11580000.0,115.8,1439.0,3,3,8047.0,Jayanagar,Bangalore,Central,Aparna Constructions,Ready To Move,Yes,North,Fully-Furnished,6948000.0,7527000.0,8106000.0,8685000.0,9264000.0,9843000.0,10422000.0,11001000.0,11348400.0
713,1786023688-713,Brigade Group Palms Terraces,4 BHK Flat,4 BHK,18620000.0,186.2,1897.0,4,4,9815.0,Rajajinagar,Bangalore,North,Brigade Group,Under Construction,Yes,North-East,Semi-Furnished,11172000.0,12103000.0,13034000.0,13965000.0,14896000.0,15827000.0,16758000.0,17689000.0,18247600.0
714,1786023688-714,Puravankara Vista Residences,5 BHK Villa,5 BHK,19700000.0,197.0,2308.0,5,4,8536.0,Banashankari,Bangalore,North,Puravankara,Under Construction,Yes,North,Fully-Furnished,11820000.0,12805000.0,13790000.0,14775000.0,15760000.0,16745000.0,17730000.0,18715000.0,19306000.0
715,1786023688-715,Rustomjee Avenue Greens,1 BHK Flat,1 BHK,5080000.0,50.8,738.0,1,1,6883.0,Malleshwaram,Bangalore,East,Rustomjee,Ready To Move,Yes,North-East,Fully-Furnished,3048000.0,3302000.0,3556000.0,3810000.0,4064000.0,4318000.0,4572000.0,4826000.0,4978400.0
716,1786023688-716,Tata Housing Oasis Estate,2 BHK Flat,2 BHK,9600000.0,96.0,1079.0,2,2,8897.0,Kaggadasapura,Bangalore,South,Tata Housing,Ready To Move,Yes,East,Unfurnished,5760000.0,6240000.0,6720000.0,7200000.0,7680000.0,8160000.0,8640000.0,9120000.0,9408000.0
717,1786023688-717,Mahindra Lifespaces Solitaire Heights,3 BHK Flat,3 BHK,12140000.0,121.4,1426.0,3,3,8513.0,BTM Layout,Bangalore,West,Mahindra Lifespaces,Under Construction,Yes,East,Fully-Furnished,7284000.0,7891000.0,8498000.0,9105000.0,9712000.0,10319000.0,10926000.0,11533000.0,11897200.0
718,1786023688-718,Casagrand Signature Villas,4 BHK Flat,4 BHK,17440000.0,174.4,1927.0,4,4,9050.0,JP Nagar,Bangalore,Central,Casagrand,Ready To Move,Yes,West,Semi-Furnished,10464000.0,11336000.0,12208000.0,13080000.0,13952000.0,14824000.0,15696000.0,16568000.0,17091200.0
719,1786023688-719,Kolte-Patil Crown Towers,5 BHK Villa,5 BHK,17560000.0,175.6,2489.0,5,4,7055.0,C V Raman Nagar,Bangalore,Central,Kolte-Patil,Ready To Move,Yes,West,Unfurnished,10536000.0,11414000.0,12292000.0,13170000.0,14048000.0,14926000.0,15804000.0,16682000.0,17208800.0
720,1786023688-720,Piramal Realty Royal Park,1 BHK Flat,1 BHK,6140000.0,61.4,738.0,1,1,8320.0,Varthur,Bangalore,West,Piramal Realty,Under Construction,Yes,North,Semi-Furnished,3684000.0,3991000.0,4298000.0,4605000.0,4912000.0,5219000.0,5526000.0,5833000.0,6017200.0
721,1786023688-721,Prestige Group Grand Court,2 BHK Flat,2 BHK,8210000.0,82.1,1012.0,2,2,8113.0,Whitefield,Bangalore,West,Prestige Group,Ready To Move,Yes,North-East,Fully-Furnished,4926000.0,5336500.0,5747000.0,6157500.0,6568000.0,6978500.0,7389000.0,7799500.0,8045800.0
722,1786023688-722,DLF Limited Emerald Gardens,3 BHK Flat,3 BHK,13560000.0,135.6,1538.0,3,3,8817.0,Koramangala,Bangalore,North,DLF Limited,Under Construction,Yes,East,Unfurnished,8136000.0,8814000.0,9492000.0,10170000.0,10848000.0,11526000.0,12204000.0,12882000.0,13288800.0
723,1786023688-723,Godrej Properties Serene Haven,4 BHK Flat,4 BHK,19330000.0,193.3,1916.0,4,4,10089.0,Indiranagar,Bangalore,West,Godrej Properties,Under Construction,Yes,East,Fully-Furnished,11598000.0,12564500.0,13531000.0,14497500.0,15464000.0,16430500.0,17397000.0,18363500.0,18943400.0
724,1786023688-724,Sobha Limited Skyline Enclave,5 BHK Villa,5 BHK,17470000.0,174.7,2511.0,5,4,6957.0,HSR Layout,Bangalore,West,Sobha Limited,Ready To Move,Yes,North,Fully-Furnished,10482000.0,11355500.0,12229000.0,13102500.0,13976000.0,14849500.0,15723000.0,16596500.0,17120600.0
725,1786023688-725,Oberoi Realty Imperia Square,1 BHK Flat,1 BHK,4530000.0,45.3,550.0,1,1,8236.0,Electronic City,Bangalore,South,Oberoi Realty,Under Construction,Yes,West,Unfurnished,2718000.0,2944500.0,3171000.0,3397500.0,3624000.0,3850500.0,4077000.0,4303500.0,4439400.0
726,1786023688-726,Hiranandani Group Elegance Plaza,2 BHK Flat,2 BHK,9930000.0,99.3,1127.0,2,2,8811.0,Hebbal,Bangalore,Central,Hiranandani Group,Under Construction,Yes,North-East,Fully-Furnished,5958000.0,6454500.0,6951000.0,7447500.0,7944000.0,8440500.0,8937000.0,9433500.0,9731400.0
727,1786023688-727,Lodha Group Urban Terraces,3 BHK Flat,3 BHK,14400000.0,144.0,1631.0,3,3,8829.0,Yelahanka,Bangalore,South,Lodha Group,Under Construction,Yes,West,Semi-Furnished,8640000.0,9360000.0,10080000.0,10800000.0,11520000.0,12240000.0,12960000.0,13680000.0,14112000.0
728,1786023688-728,Aparna Constructions Central Residences,4 BHK Flat,4 BHK,15540000.0,155.4,1895.0,4,4,8201.0,Sarjapur Road,Bangalore,South,Aparna Constructions,Ready To Move,Yes,North,Fully-Furnished,9324000.0,10101000.0,10878000.0,11655000.0,12432000.0,13209000.0,13986000.0,14763000.0,15229200.0
729,1786023688-729,Brigade Group Valley Greens,5 BHK Villa,5 BHK,22710000.0,227.1,2402.0,5,4,9455.0,Bellandur,Bangalore,West,Brigade Group,Under Construction,Yes,West,Fully-Furnished,13626000.0,14761500.0,15897000.0,17032500.0,18168000.0,19303500.0,20439000.0,21574500.0,22255800.0
730,1786023688-730,Puravankara Heights Estate,1 BHK Flat,1 BHK,5450000.0,54.5,734.0,1,1,7425.0,Thanisandra,Bangalore,West,Puravankara,Under Construction,Yes,North-East,Unfurnished,3270000.0,3542500.0,3815000.0,4087500.0,4360000.0,4632500.0,4905000.0,5177500.0,5341000.0
731,1786023688-731,Rustomjee Palms Heights,2 BHK Flat,2 BHK,9460000.0,94.6,1016.0,2,2,9311.0,Marathahalli,Bangalore,West,Rustomjee,Under Construction,Yes,West,Fully-Furnished,5676000.0,6149000.0,6622000.0,7095000.0,7568000.0,8041000.0,8514000.0,8987000.0,9270800.0
732,1786023688-732,Tata Housing Vista Villas,3 BHK Flat,3 BHK,13450000.0,134.5,1606.0,3,3,8375.0,Jayanagar,Bangalore,West,Tata Housing,Under Construction,Yes,East,Semi-Furnished,8070000.0,8742500.0,9415000.0,10087500.0,10760000.0,11432500.0,12105000.0,12777500.0,13181000.0
733,1786023688-733,Mahindra Lifespaces Avenue Towers,4 BHK Flat,4 BHK,19590000.0,195.9,2023.0,4,4,9684.0,Rajajinagar,Bangalore,North,Mahindra Lifespaces,Under Construction,Yes,West,Semi-Furnished,11754000.0,12733500.0,13713000.0,14692500.0,15672000.0,16651500.0,17631000.0,18610500.0,19198200.0
734,1786023688-734,Casagrand Oasis Park,5 BHK Villa,5 BHK,21740000.0,217.4,2483.0,5,4,8756.0,Banashankari,Bangalore,North,Casagrand,Ready To Move,Yes,East,Unfurnished,13044000.0,14131000.0,15218000.0,16305000.0,17392000.0,18479000.0,19566000.0,20653000.0,21305200.0
735,1786023688-735,Kolte-Patil Solitaire Court,1 BHK Flat,1 BHK,6330000.0,63.3,690.0,1,1,9174.0,Malleshwaram,Bangalore,West,Kolte-Patil,Under Construction,Yes,North,Fully-Furnished,3798000.0,4114500.0,4431000.0,4747500.0,5064000.0,5380500.0,5697000.0,6013500.0,6203400.0
736,1786023688-736,Piramal Realty Signature Gardens,2 BHK Flat,2 BHK,10570000.0,105.7,1149.0,2,2,9199.0,Kaggadasapura,Bangalore,North,Piramal Realty,Under Construction,Yes,West,Unfurnished,6342000.0,6870500.0,7399000.0,7927500.0,8456000.0,8984500.0,9513000.0,10041500.0,10358600.0
737,1786023688-737,Prestige Group Crown Haven,3 BHK Flat,3 BHK,11800000.0,118.0,1402.0,3,3,8417.0,BTM Layout,Bangalore,West,Prestige Group,Ready To Move,Yes,East,Semi-Furnished,7080000.0,7670000.0,8260000.0,8850000.0,9440000.0,10030000.0,10620000.0,11210000.0,11564000.0
738,1786023688-738,DLF Limited Royal Enclave,4 BHK Flat,4 BHK,15170000.0,151.7,2011.0,4,4,7544.0,JP Nagar,Bangalore,West,DLF Limited,Under Construction,Yes,East,Fully-Furnished,9102000.0,9860500.0,10619000.0,11377500.0,12136000.0,12894500.0,13653000.0,14411500.0,14866600.0
739,1786023688-739,Godrej Properties Grand Square,5 BHK Villa,5 BHK,18220000.0,182.2,2485.0,5,4,7332.0,C V Raman Nagar,Bangalore,North,Godrej Properties,Under Construction,Yes,East,Fully-Furnished,10932000.0,11843000.0,12754000.0,13665000.0,14576000.0,15487000.0,16398000.0,17309000.0,17855600.0
740,1786023688-740,Sobha Limited Emerald Plaza,1 BHK Flat,1 BHK,6480000.0,64.8,744.0,1,1,8710.0,Varthur,Bangalore,Central,Sobha Limited,Ready To Move,Yes,North-East,Unfurnished,3888000.0,4212000.0,4536000.0,4860000.0,5184000.0,5508000.0,5832000.0,6156000.0,6350400.0
741,1786023688-741,Oberoi Realty Serene Terraces,2 BHK Flat,2 BHK,8610000.0,86.1,1075.0,2,2,8009.0,Whitefield,Bangalore,West,Oberoi Realty,Ready To Move,Yes,North,Fully-Furnished,5166000.0,5596500.0,6027000.0,6457500.0,6888000.0,7318500.0,7749000.0,8179500.0,8437800.0
742,1786023688-742,Hiranandani Group Skyline Residences,3 BHK Flat,3 BHK,10170000.0,101.7,1426.0,3,3,7132.0,Koramangala,Bangalore,West,Hiranandani Group,Under Construction,Yes,North-East,Unfurnished,6102000.0,6610500.0,7119000.0,7627500.0,8136000.0,8644500.0,9153000.0,9661500.0,9966600.0
743,1786023688-743,Lodha Group Imperia Greens,4 BHK Flat,4 BHK,17560000.0,175.6,2064.0,4,4,8508.0,Indiranagar,Bangalore,South,Lodha Group,Under Construction,Yes,North-East,Semi-Furnished,10536000.0,11414000.0,12292000.0,13170000.0,14048000.0,14926000.0,15804000.0,16682000.0,17208800.0
744,1786023688-744,Aparna Constructions Elegance Estate,5 BHK Villa,5 BHK,17310000.0,173.1,2471.0,5,4,7005.0,HSR Layout,Bangalore,South,Aparna Constructions,Under Construction,Yes,North-East,Fully-Furnished,10386000.0,11251500.0,12117000.0,12982500.0,13848000.0,14713500.0,15579000.0,16444500.0,16963800.0
745,1786023688-745,Brigade Group Urban Heights,1 BHK Flat,1 BHK,5880000.0,58.8,704.0,1,1,8352.0,Electronic City,Bangalore,South,Brigade Group,Ready To Move,Yes,East,Fully-Furnished,3528000.0,3822000.0,4116000.0,4410000.0,4704000.0,4998000.0,5292000.0,5586000.0,5762400.0
746,1786023688-746,Puravankara Central Villas,2 BHK Flat,2 BHK,10450000.0,104.5,1122.0,2,2,9314.0,Hebbal,Bangalore,West,Puravankara,Ready To Move,Yes,East,Semi-Furnished,6270000.0,6792500.0,7315000.0,7837500.0,8360000.0,8882500.0,9405000.0,9927500.0,10241000.0
747,1786023688-747,Rustomjee Valley Towers,3 BHK Flat,3 BHK,13350000.0,133.5,1482.0,3,3,9008.0,Yelahanka,Bangalore,North,Rustomjee,Under Construction,Yes,North,Unfurnished,8010000.0,8677500.0,9345000.0,10012500.0,10680000.0,11347500.0,12015000.0,12682500.0,13083000.0
748,1786023688-748,Tata Housing Heights Park,4 BHK Flat,4 BHK,14370000.0,143.7,2065.0,4,4,6959.0,Sarjapur Road,Bangalore,Central,Tata Housing,Under Construction,Yes,North-East,Semi-Furnished,8622000.0,9340500.0,10059000.0,10777500.0,11496000.0,12214500.0,12933000.0,13651500.0,14082600.0
749,1786023688-749,Mahindra Lifespaces Palms Court,5 BHK Villa,5 BHK,19530000.0,195.3,2540.0,5,4,7689.0,Bellandur,Bangalore,South,Mahindra Lifespaces,Under Construction,Yes,North-East,Semi-Furnished,11718000.0,12694500.0,13671000.0,14647500.0,15624000.0,16600500.0,17577000.0,18553500.0,19139400.0
750,1786023688-750,Casagrand Vista Gardens,1 BHK Flat,1 BHK,5400000.0,54.0,667.0,1,1,8096.0,Thanisandra,Bangalore,West,Casagrand,Ready To Move,Yes,West,Unfurnished,3240000.0,3510000.0,3780000.0,4050000.0,4320000.0,4590000.0,4860000.0,5130000.0,5292000.0
751,1786023688-751,Kolte-Patil Avenue Haven,2 BHK Flat,2 BHK,11100000.0,111.0,1104.0,2,2,10054.0,Marathahalli,Bangalore,Central,Kolte-Patil,Under Construction,Yes,West,Semi-Furnished,6660000.0,7215000.0,7770000.0,8325000.0,8880000.0,9435000.0,9990000.0,10545000.0,10878000.0
752,1786023688-752,Piramal Realty Oasis Enclave,3 BHK Flat,3 BHK,14910000.0,149.1,1471.0,3,3,10136.0,Jayanagar,Bangalore,East,Piramal Realty,Ready To Move,Yes,North,Semi-Furnished,8946000.0,9691500.0,10437000.0,11182500.0,11928000.0,12673500.0,13419000.0,14164500.0,14611800.0
753,1786023688-753,Prestige Group Solitaire Square,4 BHK Flat,4 BHK,17080000.0,170.8,2080.0,4,4,8212.0,Rajajinagar,Bangalore,Central,Prestige Group,Ready To Move,Yes,East,Fully-Furnished,10248000.0,11102000.0,11956000.0,12810000.0,13664000.0,14518000.0,15372000.0,16226000.0,16738400.0
754,1786023688-754,DLF Limited Signature Plaza,5 BHK Villa,5 BHK,20190000.0,201.9,2380.0,5,4,8483.0,Banashankari,Bangalore,West,DLF Limited,Ready To Move,Yes,North-East,Semi-Furnished,12114000.0,13123500.0,14133000.0,15142500.0,16152000.0,17161500.0,18171000.0,19180500.0,19786200.0
755,1786023688-755,Godrej Properties Crown Terraces,1 BHK Flat,1 BHK,5960000.0,59.6,697.0,1,1,8551.0,Malleshwaram,Bangalore,Central,Godrej Properties,Ready To Move,Yes,North-East,Unfurnished,3576000.0,3874000.0,4172000.0,4470000.0,4768000.0,5066000.0,5364000.0,5662000.0,5840800.0
756,1786023688-756,Sobha Limited Royal Residences,2 BHK Flat,2 BHK,9710000.0,97.1,1040.0,2,2,9337.0,Kaggadasapura,Bangalore,Central,Sobha Limited,Under Construction,Yes,East,Unfurnished,5826000.0,6311500.0,6797000.0,7282500.0,7768000.0,8253500.0,8739000.0,9224500.0,9515800.0
757,1786023688-757,Oberoi Realty Grand Greens,3 BHK Flat,3 BHK,11570000.0,115.7,1499.0,3,3,7718.0,BTM Layout,Bangalore,North,Oberoi Realty,Under Construction,Yes,North,Semi-Furnished,6942000.0,7520500.0,8099000.0,8677500.0,9256000.0,9834500.0,10413000.0,10991500.0,11338600.0
758,1786023688-758,Hiranandani Group Emerald Estate,4 BHK Flat,4 BHK,17500000.0,175.0,1973.0,4,4,8870.0,JP Nagar,Bangalore,West,Hiranandani Group,Under Construction,Yes,West,Semi-Furnished,10500000.0,11375000.0,12250000.0,13125000.0,14000000.0,14875000.0,15750000.0,16625000.0,17150000.0
759,1786023688-759,Lodha Group Serene Heights,5 BHK Villa,5 BHK,23220000.0,232.2,2332.0,5,4,9957.0,C V Raman Nagar,Bangalore,North,Lodha Group,Under Construction,Yes,North,Unfurnished,13932000.0,15093000.0,16254000.0,17415000.0,18576000.0,19737000.0,20898000.0,22059000.0,22755600.0
760,1786023688-760,Aparna Constructions Skyline Villas,1 BHK Flat,1 BHK,5690000.0,56.9,615.0,1,1,9252.0,Varthur,Bangalore,South,Aparna Constructions,Under Construction,Yes,East,Fully-Furnished,3414000.0,3698500.0,3983000.0,4267500.0,4552000.0,4836500.0,5121000.0,5405500.0,5576200.0
761,1786023688-761,Brigade Group Imperia Towers,2 BHK Flat,2 BHK,8840000.0,88.4,1047.0,2,2,8443.0,Whitefield,Bangalore,Central,Brigade Group,Ready To Move,Yes,East,Fully-Furnished,5304000.0,5746000.0,6188000.0,6630000.0,7072000.0,7514000.0,7956000.0,8398000.0,8663200.0
762,1786023688-762,Puravankara Elegance Park,3 BHK Flat,3 BHK,12980000.0,129.8,1644.0,3,3,7895.0,Koramangala,Bangalore,North,Puravankara,Ready To Move,Yes,North-East,Fully-Furnished,7788000.0,8437000.0,9086000.0,9735000.0,10384000.0,11033000.0,11682000.0,12331000.0,12720400.0
763,1786023688-763,Rustomjee Urban Court,4 BHK Flat,4 BHK,17010000.0,170.1,1979.0,4,4,8595.0,Indiranagar,Bangalore,East,Rustomjee,Under Construction,Yes,North-East,Unfurnished,10206000.0,11056500.0,11907000.0,12757500.0,13608000.0,14458500.0,15309000.0,16159500.0,16669800.0
764,1786023688-764,Tata Housing Central Gardens,5 BHK Villa,5 BHK,19530000.0,195.3,2510.0,5,4,7781.0,HSR Layout,Bangalore,North,Tata Housing,Under Construction,Yes,West,Unfurnished,11718000.0,12694500.0,13671000.0,14647500.0,15624000.0,16600500.0,17577000.0,18553500.0,19139400.0
765,1786023688-765,Mahindra Lifespaces Valley Haven,1 BHK Flat,1 BHK,4320000.0,43.2,522.0,1,1,8276.0,Electronic City,Bangalore,West,Mahindra Lifespaces,Under Construction,Yes,West,Fully-Furnished,2592000.0,2808000.0,3024000.0,3240000.0,3456000.0,3672000.0,3888000.0,4104000.0,4233600.0
766,1786023688-766,Casagrand Heights Enclave,2 BHK Flat,2 BHK,8580000.0,85.8,1053.0,2,2,8148.0,Hebbal,Bangalore,South,Casagrand,Under Construction,Yes,North-East,Semi-Furnished,5148000.0,5577000.0,6006000.0,6435000.0,6864000.0,7293000.0,7722000.0,8151000.0,8408400.0
767,1786023688-767,Kolte-Patil Palms Square,3 BHK Flat,3 BHK,11280000.0,112.8,1573.0,3,3,7171.0,Yelahanka,Bangalore,North,Kolte-Patil,Under Construction,Yes,West,Fully-Furnished,6768000.0,7332000.0,7896000.0,8460000.0,9024000.0,9588000.0,10152000.0,10716000.0,11054400.0
768,1786023688-768,Piramal Realty Vista Plaza,4 BHK Flat,4 BHK,17790000.0,177.9,1875.0,4,4,9488.0,Sarjapur Road,Bangalore,East,Piramal Realty,Under Construction,Yes,West,Unfurnished,10674000.0,11563500.0,12453000.0,13342500.0,14232000.0,15121500.0,16011000.0,16900500.0,17434200.0
769,1786023688-769,Prestige Group Avenue Terraces,5 BHK Villa,5 BHK,20000000.0,200.0,2487.0,5,4,8042.0,Bellandur,Bangalore,West,Prestige Group,Under Construction,Yes,East,Unfurnished,12000000.0,13000000.0,14000000.0,15000000.0,16000000.0,17000000.0,18000000.0,19000000.0,19600000.0
770,1786023688-770,DLF Limited Oasis Residences,1 BHK Flat,1 BHK,4760000.0,47.6,675.0,1,1,7052.0,Thanisandra,Bangalore,South,DLF Limited,Under Construction,Yes,North-East,Fully-Furnished,2856000.0,3094000.0,3332000.0,3570000.0,3808000.0,4046000.0,4284000.0,4522000.0,4664800.0
771,1786023688-771,Godrej Properties Solitaire Greens,2 BHK Flat,2 BHK,8770000.0,87.7,1196.0,2,2,7333.0,Marathahalli,Bangalore,Central,Godrej Properties,Under Construction,Yes,West,Semi-Furnished,5262000.0,5700500.0,6139000.0,6577500.0,7016000.0,7454500.0,7893000.0,8331500.0,8594600.0
772,1786023688-772,Sobha Limited Signature Estate,3 BHK Flat,3 BHK,11230000.0,112.3,1481.0,3,3,7583.0,Jayanagar,Bangalore,North,Sobha Limited,Under Construction,Yes,West,Unfurnished,6738000.0,7299500.0,7861000.0,8422500.0,8984000.0,9545500.0,10107000.0,10668500.0,11005400.0
773,1786023688-773,Oberoi Realty Crown Heights,4 BHK Flat,4 BHK,15690000.0,156.9,1964.0,4,4,7989.0,Rajajinagar,Bangalore,West,Oberoi Realty,Ready To Move,Yes,North,Semi-Furnished,9414000.0,10198500.0,10983000.0,11767500.0,12552000.0,13336500.0,14121000.0,14905500.0,15376200.0
774,1786023688-774,Hiranandani Group Royal Villas,5 BHK Villa,5 BHK,18550000.0,185.5,2423.0,5,4,7656.0,Banashankari,Bangalore,South,Hiranandani Group,Under Construction,Yes,North-East,Unfurnished,11130000.0,12057500.0,12985000.0,13912500.0,14840000.0,15767500.0,16695000.0,17622500.0,18179000.0
775,1786023688-775,Lodha Group Grand Towers,1 BHK Flat,1 BHK,5610000.0,56.1,592.0,1,1,9476.0,Malleshwaram,Bangalore,East,Lodha Group,Ready To Move,Yes,North,Fully-Furnished,3366000.0,3646500.0,3927000.0,4207500.0,4488000.0,4768500.0,5049000.0,5329500.0,5497800.0
776,1786023688-776,Aparna Constructions Emerald Park,2 BHK Flat,2 BHK,8480000.0,84.8,1183.0,2,2,7168.0,Kaggadasapura,Bangalore,Central,Aparna Constructions,Under Construction,Yes,East,Semi-Furnished,5088000.0,5512000.0,5936000.0,6360000.0,6784000.0,7208000.0,7632000.0,8056000.0,8310400.0
777,1786023688-777,Brigade Group Serene Court,3 BHK Flat,3 BHK,11400000.0,114.0,1608.0,3,3,7090.0,BTM Layout,Bangalore,West,Brigade Group,Under Construction,Yes,North,Semi-Furnished,6840000.0,7410000.0,7980000.0,8550000.0,9120000.0,9690000.0,10260000.0,10830000.0,11172000.0
778,1786023688-778,Puravankara Skyline Gardens,4 BHK Flat,4 BHK,21140000.0,211.4,2091.0,4,4,10110.0,JP Nagar,Bangalore,South,Puravankara,Ready To Move,Yes,West,Semi-Furnished,12684000.0,13741000.0,14798000.0,15855000.0,16912000.0,17969000.0,19026000.0,20083000.0,20717200.0
779,1786023688-779,Rustomjee Imperia Haven,5 BHK Villa,5 BHK,18370000.0,183.7,2526.0,5,4,7272.0,C V Raman Nagar,Bangalore,East,Rustomjee,Under Construction,Yes,East,Unfurnished,11022000.0,11940500.0,12859000.0,13777500.0,14696000.0,15614500.0,16533000.0,17451500.0,18002600.0
780,1786023688-780,Tata Housing Elegance Enclave,1 BHK Flat,1 BHK,4190000.0,41.9,583.0,1,1,7187.0,Varthur,Bangalore,North,Tata Housing,Under Construction,Yes,West,Semi-Furnished,2514000.0,2723500.0,2933000.0,3142500.0,3352000.0,3561500.0,3771000.0,3980500.0,4106200.0
781,1786023688-781,Mahindra Lifespaces Urban Square,2 BHK Flat,2 BHK,9460000.0,94.6,1059.0,2,2,8933.0,Whitefield,Bangalore,North,Mahindra Lifespaces,Ready To Move,Yes,East,Semi-Furnished,5676000.0,6149000.0,6622000.0,7095000.0,7568000.0,8041000.0,8514000.0,8987000.0,9270800.0
782,1786023688-782,Casagrand Central Plaza,3 BHK Flat,3 BHK,12170000.0,121.7,1626.0,3,3,7485.0,Koramangala,Bangalore,South,Casagrand,Ready To Move,Yes,North-East,Semi-Furnished,7302000.0,7910500.0,8519000.0,9127500.0,9736000.0,10344500.0,10953000.0,11561500.0,11926600.0
783,1786023688-783,Kolte-Patil Valley Terraces,4 BHK Flat,4 BHK,17550000.0,175.5,1975.0,4,4,8886.0,Indiranagar,Bangalore,South,Kolte-Patil,Ready To Move,Yes,North-East,Semi-Furnished,10530000.0,11407500.0,12285000.0,13162500.0,14040000.0,14917500.0,15795000.0,16672500.0,17199000.0
784,1786023688-784,Piramal Realty Heights Residences,5 BHK Villa,5 BHK,23640000.0,236.4,2539.0,5,4,9311.0,HSR Layout,Bangalore,South,Piramal Realty,Under Construction,Yes,North,Semi-Furnished,14184000.0,15366000.0,16548000.0,17730000.0,18912000.0,20094000.0,21276000.0,22458000.0,23167200.0
785,1786023688-785,Prestige Group Palms Greens,1 BHK Flat,1 BHK,6490000.0,64.9,691.0,1,1,9392.0,Electronic City,Bangalore,South,Prestige Group,Under Construction,Yes,East,Semi-Furnished,3894000.0,4218500.0,4543000.0,4867500.0,5192000.0,5516500.0,5841000.0,6165500.0,6360200.0
786,1786023688-786,DLF Limited Vista Estate,2 BHK Flat,2 BHK,9960000.0,99.6,1073.0,2,2,9282.0,Hebbal,Bangalore,North,DLF Limited,Under Construction,Yes,North-East,Semi-Furnished,5976000.0,6474000.0,6972000.0,7470000.0,7968000.0,8466000.0,8964000.0,9462000.0,9760800.0
787,1786023688-787,Godrej Properties Avenue Heights,3 BHK Flat,3 BHK,13330000.0,133.3,1571.0,3,3,8485.0,Yelahanka,Bangalore,Central,Godrej Properties,Under Construction,Yes,North,Fully-Furnished,7998000.0,8664500.0,9331000.0,9997500.0,10664000.0,11330500.0,11997000.0,12663500.0,13063400.0
788,1786023688-788,Sobha Limited Oasis Villas,4 BHK Flat,4 BHK,19980000.0,199.8,2014.0,4,4,9921.0,Sarjapur Road,Bangalore,South,Sobha Limited,Under Construction,Yes,North,Fully-Furnished,11988000.0,12987000.0,13986000.0,14985000.0,15984000.0,16983000.0,17982000.0,18981000.0,19580400.0
789,1786023688-789,Oberoi Realty Solitaire Towers,5 BHK Villa,5 BHK,17080000.0,170.8,2410.0,5,4,7087.0,Bellandur,Bangalore,South,Oberoi Realty,Under Construction,Yes,North,Fully-Furnished,10248000.0,11102000.0,11956000.0,12810000.0,13664000.0,14518000.0,15372000.0,16226000.0,16738400.0
790,1786023688-790,Hiranandani Group Signature Park,1 BHK Flat,1 BHK,7330000.0,73.3,727.0,1,1,10083.0,Thanisandra,Bangalore,South,Hiranandani Group,Under Construction,Yes,East,Fully-Furnished,4398000.0,4764500.0,5131000.0,5497500.0,5864000.0,6230500.0,6597000.0,6963500.0,7183400.0
791,1786023688-791,Lodha Group Crown Court,2 BHK Flat,2 BHK,9620000.0,96.2,1032.0,2,2,9322.0,Marathahalli,Bangalore,North,Lodha Group,Under Construction,Yes,West,Unfurnished,5772000.0,6253000.0,6734000.0,7215000.0,7696000.0,8177000.0,8658000.0,9139000.0,9427600.0
792,1786023688-792,Aparna Constructions Royal Gardens,3 BHK Flat,3 BHK,13160000.0,131.6,1473.0,3,3,8934.0,Jayanagar,Bangalore,North,Aparna Constructions,Ready To Move,Yes,North-East,Fully-Furnished,7896000.0,8554000.0,9212000.0,9870000.0,10528000.0,11186000.0,11844000.0,12502000.0,12896800.0
793,1786023688-793,Brigade Group Grand Haven,4 BHK Flat,4 BHK,18850000.0,188.5,2061.0,4,4,9146.0,Rajajinagar,Bangalore,Central,Brigade Group,Ready To Move,Yes,North-East,Unfurnished,11310000.0,12252500.0,13195000.0,14137500.0,15080000.0,16022500.0,16965000.0,17907500.0,18473000.0
794,1786023688-794,Puravankara Emerald Enclave,5 BHK Villa,5 BHK,18570000.0,185.7,2318.0,5,4,8011.0,Banashankari,Bangalore,West,Puravankara,Ready To Move,Yes,North,Semi-Furnished,11142000.0,12070500.0,12999000.0,13927500.0,14856000.0,15784500.0,16713000.0,17641500.0,18198600.0
795,1786023688-795,Rustomjee Serene Square,1 BHK Flat,1 BHK,7420000.0,74.2,744.0,1,1,9973.0,Malleshwaram,Bangalore,South,Rustomjee,Under Construction,Yes,North,Unfurnished,4452000.0,4823000.0,5194000.0,5565000.0,5936000.0,6307000.0,6678000.0,7049000.0,7271600.0
796,1786023688-796,Tata Housing Skyline Plaza,2 BHK Flat,2 BHK,8850000.0,88.5,985.0,2,2,8985.0,Kaggadasapura,Bangalore,West,Tata Housing,Under Construction,Yes,West,Semi-Furnished,5310000.0,5752500.0,6195000.0,6637500.0,7080000.0,7522500.0,7965000.0,8407500.0,8673000.0
797,1786023688-797,Mahindra Lifespaces Imperia Terraces,3 BHK Flat,3 BHK,10410000.0,104.1,1460.0,3,3,7130.0,BTM Layout,Bangalore,South,Mahindra Lifespaces,Ready To Move,Yes,East,Unfurnished,6246000.0,6766500.0,7287000.0,7807500.0,8328000.0,8848500.0,9369000.0,9889500.0,10201800.0
798,1786023688-798,Casagrand Elegance Residences,4 BHK Flat,4 BHK,19710000.0,197.1,2093.0,4,4,9417.0,JP Nagar,Bangalore,North,Casagrand,Ready To Move,Yes,North,Fully-Furnished,11826000.0,12811500.0,13797000.0,14782500.0,15768000.0,16753500.0,17739000.0,18724500.0,19315800.0
799,1786023688-799,Kolte-Patil Urban Greens,5 BHK Villa,5 BHK,23820000.0,238.2,2475.0,5,4,9624.0,C V Raman Nagar,Bangalore,South,Kolte-Patil,Under Construction,Yes,North,Fully-Furnished,14292000.0,15483000.0,16674000.0,17865000.0,19056000.0,20247000.0,21438000.0,22629000.0,23343600.0
800,1786023688-800,Piramal Realty Central Estate,1 BHK Flat,1 BHK,5670000.0,56.7,557.0,1,1,10180.0,Varthur,Bangalore,Central,Piramal Realty,Ready To Move,Yes,East,Unfurnished,3402000.0,3685500.0,3969000.0,4252500.0,4536000.0,4819500.0,5103000.0,5386500.0,5556600.0
801,1786023688-801,Prestige Group Valley Heights,2 BHK Flat,2 BHK,9950000.0,99.5,980.0,2,2,10153.0,Whitefield,Bangalore,North,Prestige Group,Ready To Move,Yes,North,Unfurnished,5970000.0,6467500.0,6965000.0,7462500.0,7960000.0,8457500.0,8955000.0,9452500.0,9751000.0
802,1786023688-802,DLF Limited Heights Villas,3 BHK Flat,3 BHK,9600000.0,96.0,1406.0,3,3,6828.0,Koramangala,Bangalore,South,DLF Limited,Ready To Move,Yes,North-East,Unfurnished,5760000.0,6240000.0,6720000.0,7200000.0,7680000.0,8160000.0,8640000.0,9120000.0,9408000.0
803,1786023688-803,Godrej Properties Palms Towers,4 BHK Flat,4 BHK,15370000.0,153.7,1857.0,4,4,8277.0,Indiranagar,Bangalore,Central,Godrej Properties,Ready To Move,Yes,North-East,Unfurnished,9222000.0,9990500.0,10759000.0,11527500.0,12296000.0,13064500.0,13833000.0,14601500.0,15062600.0
804,1786023688-804,Sobha Limited Vista Park,5 BHK Villa,5 BHK,18730000.0,187.3,2457.0,5,4,7623.0,HSR Layout,Bangalore,West,Sobha Limited,Ready To Move,Yes,East,Fully-Furnished,11238000.0,12174500.0,13111000.0,14047500.0,14984000.0,15920500.0,16857000.0,17793500.0,18355400.0
805,1786023688-805,Oberoi Realty Avenue Court,1 BHK Flat,1 BHK,6810000.0,68.1,677.0,1,1,10059.0,Electronic City,Bangalore,North,Oberoi Realty,Ready To Move,Yes,East,Semi-Furnished,4086000.0,4426500.0,4767000.0,5107500.0,5448000.0,5788500.0,6129000.0,6469500.0,6673800.0
806,1786023688-806,Hiranandani Group Oasis Gardens,2 BHK Flat,2 BHK,7850000.0,78.5,1072.0,2,2,7323.0,Hebbal,Bangalore,West,Hiranandani Group,Ready To Move,Yes,North,Fully-Furnished,4710000.0,5102500.0,5495000.0,5887500.0,6280000.0,6672500.0,7065000.0,7457500.0,7693000.0
807,1786023688-807,Lodha Group Solitaire Haven,3 BHK Flat,3 BHK,12110000.0,121.1,1573.0,3,3,7699.0,Yelahanka,Bangalore,Central,Lodha Group,Under Construction,Yes,East,Fully-Furnished,7266000.0,7871500.0,8477000.0,9082500.0,9688000.0,10293500.0,10899000.0,11504500.0,11867800.0
808,1786023688-808,Aparna Constructions Signature Enclave,4 BHK Flat,4 BHK,14500000.0,145.0,2076.0,4,4,6985.0,Sarjapur Road,Bangalore,East,Aparna Constructions,Under Construction,Yes,North,Fully-Furnished,8700000.0,9425000.0,10150000.0,10875000.0,11600000.0,12325000.0,13050000.0,13775000.0,14210000.0
809,1786023688-809,Brigade Group Crown Square,5 BHK Villa,5 BHK,16910000.0,169.1,2337.0,5,4,7236.0,Bellandur,Bangalore,South,Brigade Group,Under Construction,Yes,East,Semi-Furnished,10146000.0,10991500.0,11837000.0,12682500.0,13528000.0,14373500.0,15219000.0,16064500.0,16571800.0
810,1786023688-810,Puravankara Royal Plaza,1 BHK Flat,1 BHK,4680000.0,46.8,623.0,1,1,7512.0,Thanisandra,Bangalore,East,Puravankara,Ready To Move,Yes,North,Semi-Furnished,2808000.0,3042000.0,3276000.0,3510000.0,3744000.0,3978000.0,4212000.0,4446000.0,4586400.0
811,1786023688-811,Rustomjee Grand Terraces,2 BHK Flat,2 BHK,8120000.0,81.2,1007.0,2,2,8064.0,Marathahalli,Bangalore,South,Rustomjee,Under Construction,Yes,North,Semi-Furnished,4872000.0,5278000.0,5684000.0,6090000.0,6496000.0,6902000.0,7308000.0,7714000.0,7957600.0
812,1786023688-812,Tata Housing Emerald Residences,3 BHK Flat,3 BHK,14010000.0,140.1,1512.0,3,3,9266.0,Jayanagar,Bangalore,West,Tata Housing,Ready To Move,Yes,North-East,Unfurnished,8406000.0,9106500.0,9807000.0,10507500.0,11208000.0,11908500.0,12609000.0,13309500.0,13729800.0
813,1786023688-813,Mahindra Lifespaces Serene Greens,4 BHK Flat,4 BHK,15830000.0,158.3,1881.0,4,4,8416.0,Rajajinagar,Bangalore,West,Mahindra Lifespaces,Under Construction,Yes,West,Semi-Furnished,9498000.0,10289500.0,11081000.0,11872500.0,12664000.0,13455500.0,14247000.0,15038500.0,15513400.0
814,1786023688-814,Casagrand Skyline Estate,5 BHK Villa,5 BHK,17220000.0,172.2,2530.0,5,4,6806.0,Banashankari,Bangalore,South,Casagrand,Under Construction,Yes,West,Semi-Furnished,10332000.0,11193000.0,12054000.0,12915000.0,13776000.0,14637000.0,15498000.0,16359000.0,16875600.0
815,1786023688-815,Kolte-Patil Imperia Heights,1 BHK Flat,1 BHK,6890000.0,68.9,728.0,1,1,9464.0,Malleshwaram,Bangalore,West,Kolte-Patil,Ready To Move,Yes,North-East,Semi-Furnished,4134000.0,4478500.0,4823000.0,5167500.0,5512000.0,5856500.0,6201000.0,6545500.0,6752200.0
816,1786023688-816,Piramal Realty Elegance Villas,2 BHK Flat,2 BHK,9890000.0,98.9,1030.0,2,2,9602.0,Kaggadasapura,Bangalore,South,Piramal Realty,Under Construction,Yes,West,Fully-Furnished,5934000.0,6428500.0,6923000.0,7417500.0,7912000.0,8406500.0,8901000.0,9395500.0,9692200.0
817,1786023688-817,Prestige Group Urban Towers,3 BHK Flat,3 BHK,12400000.0,124.0,1507.0,3,3,8228.0,BTM Layout,Bangalore,North,Prestige Group,Ready To Move,Yes,East,Fully-Furnished,7440000.0,8060000.0,8680000.0,9300000.0,9920000.0,10540000.0,11160000.0,11780000.0,12152000.0
818,1786023688-818,DLF Limited Central Park,4 BHK Flat,4 BHK,15110000.0,151.1,2021.0,4,4,7476.0,JP Nagar,Bangalore,North,DLF Limited,Ready To Move,Yes,North,Fully-Furnished,9066000.0,9821500.0,10577000.0,11332500.0,12088000.0,12843500.0,13599000.0,14354500.0,14807800.0
819,1786023688-819,Godrej Properties Valley Court,5 BHK Villa,5 BHK,18120000.0,181.2,2380.0,5,4,7613.0,C V Raman Nagar,Bangalore,East,Godrej Properties,Ready To Move,Yes,North-East,Unfurnished,10872000.0,11778000.0,12684000.0,13590000.0,14496000.0,15402000.0,16308000.0,17214000.0,17757600.0
820,1786023688-820,Sobha Limited Heights Gardens,1 BHK Flat,1 BHK,4870000.0,48.7,538.0,1,1,9052.0,Varthur,Bangalore,Central,Sobha Limited,Under Construction,Yes,West,Semi-Furnished,2922000.0,3165500.0,3409000.0,3652500.0,3896000.0,4139500.0,4383000.0,4626500.0,4772600.0
821,1786023688-821,Oberoi Realty Palms Haven,2 BHK Flat,2 BHK,7520000.0,75.2,1036.0,2,2,7259.0,Whitefield,Bangalore,East,Oberoi Realty,Ready To Move,Yes,West,Unfurnished,4512000.0,4888000.0,5264000.0,5640000.0,6016000.0,6392000.0,6768000.0,7144000.0,7369600.0
822,1786023688-822,Hiranandani Group Vista Enclave,3 BHK Flat,3 BHK,15680000.0,156.8,1585.0,3,3,9893.0,Koramangala,Bangalore,Central,Hiranandani Group,Ready To Move,Yes,North,Semi-Furnished,9408000.0,10192000.0,10976000.0,11760000.0,12544000.0,13328000.0,14112000.0,14896000.0,15366400.0
823,1786023688-823,Lodha Group Avenue Square,4 BHK Flat,4 BHK,17340000.0,173.4,1914.0,4,4,9060.0,Indiranagar,Bangalore,East,Lodha Group,Ready To Move,Yes,East,Fully-Furnished,10404000.0,11271000.0,12138000.0,13005000.0,13872000.0,14739000.0,15606000.0,16473000.0,16993200.0
824,1786023688-824,Aparna Constructions Oasis Plaza,5 BHK Villa,5 BHK,16910000.0,169.1,2461.0,5,4,6871.0,HSR Layout,Bangalore,East,Aparna Constructions,Ready To Move,Yes,West,Semi-Furnished,10146000.0,10991500.0,11837000.0,12682500.0,13528000.0,14373500.0,15219000.0,16064500.0,16571800.0
825,1786023688-825,Brigade Group Solitaire Terraces,1 BHK Flat,1 BHK,5060000.0,50.6,634.0,1,1,7981.0,Electronic City,Bangalore,Central,Brigade Group,Ready To Move,Yes,North-East,Semi-Furnished,3036000.0,3289000.0,3542000.0,3795000.0,4048000.0,4301000.0,4554000.0,4807000.0,4958800.0
826,1786023688-826,Puravankara Signature Residences,2 BHK Flat,2 BHK,7440000.0,74.4,977.0,2,2,7615.0,Hebbal,Bangalore,South,Puravankara,Ready To Move,Yes,West,Semi-Furnished,4464000.0,4836000.0,5208000.0,5580000.0,5952000.0,6324000.0,6696000.0,7068000.0,7291200.0
827,1786023688-827,Rustomjee Crown Greens,3 BHK Flat,3 BHK,14230000.0,142.3,1609.0,3,3,8844.0,Yelahanka,Bangalore,Central,Rustomjee,Under Construction,Yes,West,Fully-Furnished,8538000.0,9249500.0,9961000.0,10672500.0,11384000.0,12095500.0,12807000.0,13518500.0,13945400.0
828,1786023688-828,Tata Housing Royal Estate,4 BHK Flat,4 BHK,15670000.0,156.7,2039.0,4,4,7685.0,Sarjapur Road,Bangalore,North,Tata Housing,Under Construction,Yes,North-East,Fully-Furnished,9402000.0,10185500.0,10969000.0,11752500.0,12536000.0,13319500.0,14103000.0,14886500.0,15356600.0
829,1786023688-829,Mahindra Lifespaces Grand Heights,5 BHK Villa,5 BHK,18830000.0,188.3,2401.0,5,4,7843.0,Bellandur,Bangalore,East,Mahindra Lifespaces,Under Construction,Yes,East,Fully-Furnished,11298000.0,12239500.0,13181000.0,14122500.0,15064000.0,16005500.0,16947000.0,17888500.0,18453400.0
830,1786023688-830,Casagrand Emerald Villas,1 BHK Flat,1 BHK,5040000.0,50.4,558.0,1,1,9032.0,Thanisandra,Bangalore,South,Casagrand,Ready To Move,Yes,North,Unfurnished,3024000.0,3276000.0,3528000.0,3780000.0,4032000.0,4284000.0,4536000.0,4788000.0,4939200.0
831,1786023688-831,Kolte-Patil Serene Towers,2 BHK Flat,2 BHK,8960000.0,89.6,1102.0,2,2,8131.0,Marathahalli,Bangalore,North,Kolte-Patil,Ready To Move,Yes,East,Semi-Furnished,5376000.0,5824000.0,6272000.0,6720000.0,7168000.0,7616000.0,8064000.0,8512000.0,8780800.0
832,1786023688-832,Piramal Realty Skyline Park,3 BHK Flat,3 BHK,11650000.0,116.5,1575.0,3,3,7397.0,Jayanagar,Bangalore,South,Piramal Realty,Under Construction,Yes,North,Unfurnished,6990000.0,7572500.0,8155000.0,8737500.0,9320000.0,9902500.0,10485000.0,11067500.0,11417000.0
833,1786023688-833,Prestige Group Imperia Court,4 BHK Flat,4 BHK,16440000.0,164.4,1947.0,4,4,8444.0,Rajajinagar,Bangalore,West,Prestige Group,Under Construction,Yes,West,Semi-Furnished,9864000.0,10686000.0,11508000.0,12330000.0,13152000.0,13974000.0,14796000.0,15618000.0,16111200.0
834,1786023688-834,DLF Limited Elegance Gardens,5 BHK Villa,5 BHK,19190000.0,191.9,2426.0,5,4,7910.0,Banashankari,Bangalore,West,DLF Limited,Under Construction,Yes,West,Semi-Furnished,11514000.0,12473500.0,13433000.0,14392500.0,15352000.0,16311500.0,17271000.0,18230500.0,18806200.0
835,1786023688-835,Godrej Properties Urban Haven,1 BHK Flat,1 BHK,5330000.0,53.3,725.0,1,1,7352.0,Malleshwaram,Bangalore,West,Godrej Properties,Under Construction,Yes,West,Semi-Furnished,3198000.0,3464500.0,3731000.0,3997500.0,4264000.0,4530500.0,4797000.0,5063500.0,5223400.0
836,1786023688-836,Sobha Limited Central Enclave,2 BHK Flat,2 BHK,7300000.0,73.0,950.0,2,2,7684.0,Kaggadasapura,Bangalore,South,Sobha Limited,Ready To Move,Yes,North,Fully-Furnished,4380000.0,4745000.0,5110000.0,5475000.0,5840000.0,6205000.0,6570000.0,6935000.0,7154000.0
837,1786023688-837,Oberoi Realty Valley Square,3 BHK Flat,3 BHK,10790000.0,107.9,1472.0,3,3,7330.0,BTM Layout,Bangalore,North,Oberoi Realty,Under Construction,Yes,North,Fully-Furnished,6474000.0,7013500.0,7553000.0,8092500.0,8632000.0,9171500.0,9711000.0,10250500.0,10574200.0
838,1786023688-838,Hiranandani Group Heights Plaza,4 BHK Flat,4 BHK,15520000.0,155.2,2002.0,4,4,7752.0,JP Nagar,Bangalore,East,Hiranandani Group,Under Construction,Yes,West,Unfurnished,9312000.0,10088000.0,10864000.0,11640000.0,12416000.0,13192000.0,13968000.0,14744000.0,15209600.0
839,1786023688-839,Lodha Group Palms Terraces,5 BHK Villa,5 BHK,24080000.0,240.8,2379.0,5,4,10122.0,C V Raman Nagar,Bangalore,Central,Lodha Group,Ready To Move,Yes,North-East,Unfurnished,14448000.0,15652000.0,16856000.0,18060000.0,19264000.0,20468000.0,21672000.0,22876000.0,23598400.0
840,1786023688-840,Aparna Constructions Vista Residences,1 BHK Flat,1 BHK,5400000.0,54.0,695.0,1,1,7770.0,Varthur,Bangalore,North,Aparna Constructions,Under Construction,Yes,East,Semi-Furnished,3240000.0,3510000.0,3780000.0,4050000.0,4320000.0,4590000.0,4860000.0,5130000.0,5292000.0
841,1786023688-841,Brigade Group Avenue Greens,2 BHK Flat,2 BHK,9660000.0,96.6,992.0,2,2,9738.0,Whitefield,Bangalore,South,Brigade Group,Ready To Move,Yes,East,Semi-Furnished,5796000.0,6279000.0,6762000.0,7245000.0,7728000.0,8211000.0,8694000.0,9177000.0,9466800.0
842,1786023688-842,Puravankara Oasis Estate,3 BHK Flat,3 BHK,11550000.0,115.5,1514.0,3,3,7629.0,Koramangala,Bangalore,North,Puravankara,Under Construction,Yes,East,Unfurnished,6930000.0,7507500.0,8085000.0,8662500.0,9240000.0,9817500.0,10395000.0,10972500.0,11319000.0
843,1786023688-843,Rustomjee Solitaire Heights,4 BHK Flat,4 BHK,13900000.0,139.0,1874.0,4,4,7417.0,Indiranagar,Bangalore,South,Rustomjee,Ready To Move,Yes,North,Fully-Furnished,8340000.0,9035000.0,9730000.0,10425000.0,11120000.0,11815000.0,12510000.0,13205000.0,13622000.0
844,1786023688-844,Tata Housing Signature Villas,5 BHK Villa,5 BHK,23180000.0,231.8,2303.0,5,4,10065.0,HSR Layout,Bangalore,East,Tata Housing,Ready To Move,Yes,East,Semi-Furnished,13908000.0,15067000.0,16226000.0,17385000.0,18544000.0,19703000.0,20862000.0,22021000.0,22716400.0
845,1786023688-845,Mahindra Lifespaces Crown Towers,1 BHK Flat,1 BHK,5040000.0,50.4,682.0,1,1,7390.0,Electronic City,Bangalore,East,Mahindra Lifespaces,Ready To Move,Yes,West,Unfurnished,3024000.0,3276000.0,3528000.0,3780000.0,4032000.0,4284000.0,4536000.0,4788000.0,4939200.0
846,1786023688-846,Casagrand Royal Park,2 BHK Flat,2 BHK,7630000.0,76.3,1073.0,2,2,7111.0,Hebbal,Bangalore,West,Casagrand,Ready To Move,Yes,North,Semi-Furnished,4578000.0,4959500.0,5341000.0,5722500.0,6104000.0,6485500.0,6867000.0,7248500.0,7477400.0
847,1786023688-847,Kolte-Patil Grand Court,3 BHK Flat,3 BHK,14770000.0,147.7,1627.0,3,3,9078.0,Yelahanka,Bangalore,East,Kolte-Patil,Ready To Move,Yes,North-East,Unfurnished,8862000.0,9600500.0,10339000.0,11077500.0,11816000.0,12554500.0,13293000.0,14031500.0,14474600.0
848,1786023688-848,Piramal Realty Emerald Gardens,4 BHK Flat,4 BHK,16110000.0,161.1,1945.0,4,4,8283.0,Sarjapur Road,Bangalore,East,Piramal Realty,Ready To Move,Yes,East,Semi-Furnished,9666000.0,10471500.0,11277000.0,12082500.0,12888000.0,13693500.0,14499000.0,15304500.0,15787800.0
849,1786023688-849,Prestige Group Serene Haven,5 BHK Villa,5 BHK,19470000.0,194.7,2379.0,5,4,8184.0,Bellandur,Bangalore,South,Prestige Group,Under Construction,Yes,North,Fully-Furnished,11682000.0,12655500.0,13629000.0,14602500.0,15576000.0,16549500.0,17523000.0,18496500.0,19080600.0
850,1786023688-850,DLF Limited Skyline Enclave,1 BHK Flat,1 BHK,5100000.0,51.0,582.0,1,1,8763.0,Thanisandra,Bangalore,East,DLF Limited,Ready To Move,Yes,North,Fully-Furnished,3060000.0,3315000.0,3570000.0,3825000.0,4080000.0,4335000.0,4590000.0,4845000.0,4998000.0
851,1786023688-851,Godrej Properties Imperia Square,2 BHK Flat,2 BHK,9290000.0,92.9,1120.0,2,2,8295.0,Marathahalli,Bangalore,Central,Godrej Properties,Ready To Move,Yes,North,Unfurnished,5574000.0,6038500.0,6503000.0,6967500.0,7432000.0,7896500.0,8361000.0,8825500.0,9104200.0
852,1786023688-852,Sobha Limited Elegance Plaza,3 BHK Flat,3 BHK,12470000.0,124.7,1535.0,3,3,8124.0,Jayanagar,Bangalore,East,Sobha Limited,Ready To Move,Yes,West,Fully-Furnished,7482000.0,8105500.0,8729000.0,9352500.0,9976000.0,10599500.0,11223000.0,11846500.0,12220600.0
853,1786023688-853,Oberoi Realty Urban Terraces,4 BHK Flat,4 BHK,19380000.0,193.8,2005.0,4,4,9666.0,Rajajinagar,Bangalore,South,Oberoi Realty,Ready To Move,Yes,West,Semi-Furnished,11628000.0,12597000.0,13566000.0,14535000.0,15504000.0,16473000.0,17442000.0,18411000.0,18992400.0
854,1786023688-854,Hiranandani Group Central Residences,5 BHK Villa,5 BHK,19690000.0,196.9,2373.0,5,4,8298.0,Banashankari,Bangalore,South,Hiranandani Group,Under Construction,Yes,North,Unfurnished,11814000.0,12798500.0,13783000.0,14767500.0,15752000.0,16736500.0,17721000.0,18705500.0,19296200.0
855,1786023688-855,Lodha Group Valley Greens,1 BHK Flat,1 BHK,5460000.0,54.6,689.0,1,1,7925.0,Malleshwaram,Bangalore,East,Lodha Group,Ready To Move,Yes,North,Semi-Furnished,3276000.0,3549000.0,3822000.0,4095000.0,4368000.0,4641000.0,4914000.0,5187000.0,5350800.0
856,1786023688-856,Aparna Constructions Heights Estate,2 BHK Flat,2 BHK,7790000.0,77.9,1065.0,2,2,7315.0,Kaggadasapura,Bangalore,West,Aparna Constructions,Ready To Move,Yes,West,Fully-Furnished,4674000.0,5063500.0,5453000.0,5842500.0,6232000.0,6621500.0,7011000.0,7400500.0,7634200.0
857,1786023688-857,Brigade Group Palms Heights,3 BHK Flat,3 BHK,12690000.0,126.9,1556.0,3,3,8156.0,BTM Layout,Bangalore,East,Brigade Group,Ready To Move,Yes,North,Fully-Furnished,7614000.0,8248500.0,8883000.0,9517500.0,10152000.0,10786500.0,11421000.0,12055500.0,12436200.0
858,1786023688-858,Puravankara Vista Villas,4 BHK Flat,4 BHK,20340000.0,203.4,2046.0,4,4,9941.0,JP Nagar,Bangalore,North,Puravankara,Under Construction,Yes,North,Unfurnished,12204000.0,13221000.0,14238000.0,15255000.0,16272000.0,17289000.0,18306000.0,19323000.0,19933200.0
859,1786023688-859,Rustomjee Avenue Towers,5 BHK Villa,5 BHK,18850000.0,188.5,2361.0,5,4,7984.0,C V Raman Nagar,Bangalore,Central,Rustomjee,Under Construction,Yes,North-East,Fully-Furnished,11310000.0,12252500.0,13195000.0,14137500.0,15080000.0,16022500.0,16965000.0,17907500.0,18473000.0
860,1786023688-860,Tata Housing Oasis Park,1 BHK Flat,1 BHK,5800000.0,58.0,599.0,1,1,9683.0,Varthur,Bangalore,East,Tata Housing,Under Construction,Yes,East,Semi-Furnished,3480000.0,3770000.0,4060000.0,4350000.0,4640000.0,4930000.0,5220000.0,5510000.0,5684000.0
861,1786023688-861,Mahindra Lifespaces Solitaire Court,2 BHK Flat,2 BHK,10690000.0,106.9,1053.0,2,2,10152.0,Whitefield,Bangalore,East,Mahindra Lifespaces,Under Construction,Yes,West,Fully-Furnished,6414000.0,6948500.0,7483000.0,8017500.0,8552000.0,9086500.0,9621000.0,10155500.0,10476200.0
862,1786023688-862,Casagrand Signature Gardens,3 BHK Flat,3 BHK,12440000.0,124.4,1634.0,3,3,7613.0,Koramangala,Bangalore,Central,Casagrand,Ready To Move,Yes,North-East,Unfurnished,7464000.0,8086000.0,8708000.0,9330000.0,9952000.0,10574000.0,11196000.0,11818000.0,12191200.0
863,1786023688-863,Kolte-Patil Crown Haven,4 BHK Flat,4 BHK,17880000.0,178.8,1890.0,4,4,9460.0,Indiranagar,Bangalore,Central,Kolte-Patil,Under Construction,Yes,North,Unfurnished,10728000.0,11622000.0,12516000.0,13410000.0,14304000.0,15198000.0,16092000.0,16986000.0,17522400.0
864,1786023688-864,Piramal Realty Royal Enclave,5 BHK Villa,5 BHK,20470000.0,204.7,2403.0,5,4,8519.0,HSR Layout,Bangalore,East,Piramal Realty,Ready To Move,Yes,East,Semi-Furnished,12282000.0,13305500.0,14329000.0,15352500.0,16376000.0,17399500.0,18423000.0,19446500.0,20060600.0
865,1786023688-865,Prestige Group Grand Square,1 BHK Flat,1 BHK,6300000.0,63.0,653.0,1,1,9648.0,Electronic City,Bangalore,Central,Prestige Group,Ready To Move,Yes,North-East,Fully-Furnished,3780000.0,4095000.0,4410000.0,4725000.0,5040000.0,5355000.0,5670000.0,5985000.0,6174000.0
866,1786023688-866,DLF Limited Emerald Plaza,2 BHK Flat,2 BHK,9220000.0,92.2,999.0,2,2,9229.0,Hebbal,Bangalore,North,DLF Limited,Ready To Move,Yes,West,Fully-Furnished,5532000.0,5993000.0,6454000.0,6915000.0,7376000.0,7837000.0,8298000.0,8759000.0,9035600.0
867,1786023688-867,Godrej Properties Serene Terraces,3 BHK Flat,3 BHK,13730000.0,137.3,1627.0,3,3,8439.0,Yelahanka,Bangalore,North,Godrej Properties,Ready To Move,Yes,West,Semi-Furnished,8238000.0,8924500.0,9611000.0,10297500.0,10984000.0,11670500.0,12357000.0,13043500.0,13455400.0
868,1786023688-868,Sobha Limited Skyline Residences,4 BHK Flat,4 BHK,16290000.0,162.9,1977.0,4,4,8240.0,Sarjapur Road,Bangalore,East,Sobha Limited,Under Construction,Yes,North,Semi-Furnished,9774000.0,10588500.0,11403000.0,12217500.0,13032000.0,13846500.0,14661000.0,15475500.0,15964200.0
869,1786023688-869,Oberoi Realty Imperia Greens,5 BHK Villa,5 BHK,23190000.0,231.9,2442.0,5,4,9496.0,Bellandur,Bangalore,South,Oberoi Realty,Under Construction,Yes,East,Semi-Furnished,13914000.0,15073500.0,16233000.0,17392500.0,18552000.0,19711500.0,20871000.0,22030500.0,22726200.0
870,1786023688-870,Hiranandani Group Elegance Estate,1 BHK Flat,1 BHK,5190000.0,51.9,607.0,1,1,8550.0,Thanisandra,Bangalore,North,Hiranandani Group,Under Construction,Yes,North-East,Semi-Furnished,3114000.0,3373500.0,3633000.0,3892500.0,4152000.0,4411500.0,4671000.0,4930500.0,5086200.0
871,1786023688-871,Lodha Group Urban Heights,2 BHK Flat,2 BHK,8790000.0,87.9,1139.0,2,2,7717.0,Marathahalli,Bangalore,Central,Lodha Group,Ready To Move,Yes,North,Semi-Furnished,5274000.0,5713500.0,6153000.0,6592500.0,7032000.0,7471500.0,7911000.0,8350500.0,8614200.0
872,1786023688-872,Aparna Constructions Central Villas,3 BHK Flat,3 BHK,13460000.0,134.6,1475.0,3,3,9125.0,Jayanagar,Bangalore,Central,Aparna Constructions,Ready To Move,Yes,East,Semi-Furnished,8076000.0,8749000.0,9422000.0,10095000.0,10768000.0,11441000.0,12114000.0,12787000.0,13190800.0
873,1786023688-873,Brigade Group Valley Towers,4 BHK Flat,4 BHK,17710000.0,177.1,1854.0,4,4,9552.0,Rajajinagar,Bangalore,Central,Brigade Group,Under Construction,Yes,West,Fully-Furnished,10626000.0,11511500.0,12397000.0,13282500.0,14168000.0,15053500.0,15939000.0,16824500.0,17355800.0
874,1786023688-874,Puravankara Heights Park,5 BHK Villa,5 BHK,17700000.0,177.0,2487.0,5,4,7117.0,Banashankari,Bangalore,North,Puravankara,Ready To Move,Yes,North,Fully-Furnished,10620000.0,11505000.0,12390000.0,13275000.0,14160000.0,15045000.0,15930000.0,16815000.0,17346000.0
875,1786023688-875,Rustomjee Palms Court,1 BHK Flat,1 BHK,4390000.0,43.9,590.0,1,1,7441.0,Malleshwaram,Bangalore,Central,Rustomjee,Ready To Move,Yes,West,Semi-Furnished,2634000.0,2853500.0,3073000.0,3292500.0,3512000.0,3731500.0,3951000.0,4170500.0,4302200.0
876,1786023688-876,Tata Housing Vista Gardens,2 BHK Flat,2 BHK,9250000.0,92.5,1197.0,2,2,7728.0,Kaggadasapura,Bangalore,South,Tata Housing,Ready To Move,Yes,North,Semi-Furnished,5550000.0,6012500.0,6475000.0,6937500.0,7400000.0,7862500.0,8325000.0,8787500.0,9065000.0
877,1786023688-877,Mahindra Lifespaces Avenue Haven,3 BHK Flat,3 BHK,15920000.0,159.2,1591.0,3,3,10006.0,BTM Layout,Bangalore,West,Mahindra Lifespaces,Under Construction,Yes,North,Fully-Furnished,9552000.0,10348000.0,11144000.0,11940000.0,12736000.0,13532000.0,14328000.0,15124000.0,15601600.0
878,1786023688-878,Casagrand Oasis Enclave,4 BHK Flat,4 BHK,19750000.0,197.5,2026.0,4,4,9748.0,JP Nagar,Bangalore,North,Casagrand,Ready To Move,Yes,North-East,Unfurnished,11850000.0,12837500.0,13825000.0,14812500.0,15800000.0,16787500.0,17775000.0,18762500.0,19355000.0
879,1786023688-879,Kolte-Patil Solitaire Square,5 BHK Villa,5 BHK,22860000.0,228.6,2472.0,5,4,9248.0,C V Raman Nagar,Bangalore,West,Kolte-Patil,Ready To Move,Yes,East,Fully-Furnished,13716000.0,14859000.0,16002000.0,17145000.0,18288000.0,19431000.0,20574000.0,21717000.0,22402800.0
880,1786023688-880,Piramal Realty Signature Plaza,1 BHK Flat,1 BHK,5320000.0,53.2,727.0,1,1,7318.0,Varthur,Bangalore,East,Piramal Realty,Ready To Move,Yes,North-East,Semi-Furnished,3192000.0,3458000.0,3724000.0,3990000.0,4256000.0,4522000.0,4788000.0,5054000.0,5213600.0
881,1786023688-881,Prestige Group Crown Terraces,2 BHK Flat,2 BHK,10790000.0,107.9,1152.0,2,2,9366.0,Whitefield,Bangalore,Central,Prestige Group,Under Construction,Yes,North-East,Semi-Furnished,6474000.0,7013500.0,7553000.0,8092500.0,8632000.0,9171500.0,9711000.0,10250500.0,10574200.0
882,1786023688-882,DLF Limited Royal Residences,3 BHK Flat,3 BHK,10880000.0,108.8,1468.0,3,3,7411.0,Koramangala,Bangalore,South,DLF Limited,Under Construction,Yes,North,Fully-Furnished,6528000.0,7072000.0,7616000.0,8160000.0,8704000.0,9248000.0,9792000.0,10336000.0,10662400.0
883,1786023688-883,Godrej Properties Grand Greens,4 BHK Flat,4 BHK,18410000.0,184.1,2003.0,4,4,9191.0,Indiranagar,Bangalore,Central,Godrej Properties,Under Construction,Yes,West,Semi-Furnished,11046000.0,11966500.0,12887000.0,13807500.0,14728000.0,15648500.0,16569000.0,17489500.0,18041800.0
884,1786023688-884,Sobha Limited Emerald Estate,5 BHK Villa,5 BHK,25440000.0,254.4,2528.0,5,4,10063.0,HSR Layout,Bangalore,North,Sobha Limited,Ready To Move,Yes,West,Unfurnished,15264000.0,16536000.0,17808000.0,19080000.0,20352000.0,21624000.0,22896000.0,24168000.0,24931200.0
885,1786023688-885,Oberoi Realty Serene Heights,1 BHK Flat,1 BHK,5760000.0,57.6,645.0,1,1,8930.0,Electronic City,Bangalore,South,Oberoi Realty,Ready To Move,Yes,North-East,Semi-Furnished,3456000.0,3744000.0,4032000.0,4320000.0,4608000.0,4896000.0,5184000.0,5472000.0,5644800.0
886,1786023688-886,Hiranandani Group Skyline Villas,2 BHK Flat,2 BHK,10000000.0,100.0,1192.0,2,2,8389.0,Hebbal,Bangalore,West,Hiranandani Group,Ready To Move,Yes,North-East,Semi-Furnished,6000000.0,6500000.0,7000000.0,7500000.0,8000000.0,8500000.0,9000000.0,9500000.0,9800000.0
887,1786023688-887,Lodha Group Imperia Towers,3 BHK Flat,3 BHK,12480000.0,124.8,1485.0,3,3,8404.0,Yelahanka,Bangalore,North,Lodha Group,Ready To Move,Yes,West,Unfurnished,7488000.0,8112000.0,8736000.0,9360000.0,9984000.0,10608000.0,11232000.0,11856000.0,12230400.0
888,1786023688-888,Aparna Constructions Elegance Park,4 BHK Flat,4 BHK,20650000.0,206.5,2100.0,4,4,9833.0,Sarjapur Road,Bangalore,South,Aparna Constructions,Under Construction,Yes,North,Semi-Furnished,12390000.0,13422500.0,14455000.0,15487500.0,16520000.0,17552500.0,18585000.0,19617500.0,20237000.0
889,1786023688-889,Brigade Group Urban Court,5 BHK Villa,5 BHK,20610000.0,206.1,2373.0,5,4,8685.0,Bellandur,Bangalore,Central,Brigade Group,Ready To Move,Yes,West,Unfurnished,12366000.0,13396500.0,14427000.0,15457500.0,16488000.0,17518500.0,18549000.0,19579500.0,20197800.0
890,1786023688-890,Puravankara Central Gardens,1 BHK Flat,1 BHK,4950000.0,49.5,639.0,1,1,7746.0,Thanisandra,Bangalore,East,Puravankara,Ready To Move,Yes,North,Semi-Furnished,2970000.0,3217500.0,3465000.0,3712500.0,3960000.0,4207500.0,4455000.0,4702500.0,4851000.0
891,1786023688-891,Rustomjee Valley Haven,2 BHK Flat,2 BHK,10560000.0,105.6,1178.0,2,2,8964.0,Marathahalli,Bangalore,North,Rustomjee,Ready To Move,Yes,East,Semi-Furnished,6336000.0,6864000.0,7392000.0,7920000.0,8448000.0,8976000.0,9504000.0,10032000.0,10348800.0
892,1786023688-892,Tata Housing Heights Enclave,3 BHK Flat,3 BHK,10580000.0,105.8,1510.0,3,3,7007.0,Jayanagar,Bangalore,Central,Tata Housing,Ready To Move,Yes,North-East,Semi-Furnished,6348000.0,6877000.0,7406000.0,7935000.0,8464000.0,8993000.0,9522000.0,10051000.0,10368400.0
893,1786023688-893,Mahindra Lifespaces Palms Square,4 BHK Flat,4 BHK,17110000.0,171.1,1871.0,4,4,9145.0,Rajajinagar,Bangalore,East,Mahindra Lifespaces,Under Construction,Yes,North-East,Semi-Furnished,10266000.0,11121500.0,11977000.0,12832500.0,13688000.0,14543500.0,15399000.0,16254500.0,16767800.0
894,1786023688-894,Casagrand Vista Plaza,5 BHK Villa,5 BHK,20040000.0,200.4,2441.0,5,4,8210.0,Banashankari,Bangalore,East,Casagrand,Ready To Move,Yes,East,Fully-Furnished,12024000.0,13026000.0,14028000.0,15030000.0,16032000.0,17034000.0,18036000.0,19038000.0,19639200.0
895,1786023688-895,Kolte-Patil Avenue Terraces,1 BHK Flat,1 BHK,4500000.0,45.0,600.0,1,1,7500.0,Malleshwaram,Bangalore,Central,Kolte-Patil,Ready To Move,Yes,West,Semi-Furnished,2700000.0,2925000.0,3150000.0,3375000.0,3600000.0,3825000.0,4050000.0,4275000.0,4410000.0
896,1786023688-896,Piramal Realty Oasis Residences,2 BHK Flat,2 BHK,8560000.0,85.6,1122.0,2,2,7629.0,Kaggadasapura,Bangalore,South,Piramal Realty,Under Construction,Yes,West,Fully-Furnished,5136000.0,5564000.0,5992000.0,6420000.0,6848000.0,7276000.0,7704000.0,8132000.0,8388800.0
897,1786023688-897,Prestige Group Solitaire Greens,3 BHK Flat,3 BHK,11950000.0,119.5,1510.0,3,3,7914.0,BTM Layout,Bangalore,South,Prestige Group,Under Construction,Yes,North-East,Unfurnished,7170000.0,7767500.0,8365000.0,8962500.0,9560000.0,10157500.0,10755000.0,11352500.0,11711000.0
898,1786023688-898,DLF Limited Signature Estate,4 BHK Flat,4 BHK,13510000.0,135.1,1950.0,4,4,6928.0,JP Nagar,Bangalore,North,DLF Limited,Under Construction,Yes,West,Unfurnished,8106000.0,8781500.0,9457000.0,10132500.0,10808000.0,11483500.0,12159000.0,12834500.0,13239800.0
899,1786023688-899,Godrej Properties Crown Heights,5 BHK Villa,5 BHK,20800000.0,208.0,2333.0,5,4,8916.0,C V Raman Nagar,Bangalore,East,Godrej Properties,Ready To Move,Yes,North-East,Semi-Furnished,12480000.0,13520000.0,14560000.0,15600000.0,16640000.0,17680000.0,18720000.0,19760000.0,20384000.0
900,1786023688-900,Sobha Limited Royal Villas,1 BHK Flat,1 BHK,4950000.0,49.5,590.0,1,1,8390.0,Varthur,Bangalore,East,Sobha Limited,Ready To Move,Yes,North-East,Fully-Furnished,2970000.0,3217500.0,3465000.0,3712500.0,3960000.0,4207500.0,4455000.0,4702500.0,4851000.0
901,1786023688-901,Oberoi Realty Grand Towers,2 BHK Flat,2 BHK,10580000.0,105.8,1114.0,2,2,9497.0,Whitefield,Bangalore,Central,Oberoi Realty,Under Construction,Yes,North,Unfurnished,6348000.0,6877000.0,7406000.0,7935000.0,8464000.0,8993000.0,9522000.0,10051000.0,10368400.0
902,1786023688-902,Hiranandani Group Emerald Park,3 BHK Flat,3 BHK,12590000.0,125.9,1633.0,3,3,7710.0,Koramangala,Bangalore,South,Hiranandani Group,Ready To Move,Yes,East,Unfurnished,7554000.0,8183500.0,8813000.0,9442500.0,10072000.0,10701500.0,11331000.0,11960500.0,12338200.0
903,1786023688-903,Lodha Group Serene Court,4 BHK Flat,4 BHK,17720000.0,177.2,2085.0,4,4,8499.0,Indiranagar,Bangalore,South,Lodha Group,Under Construction,Yes,East,Fully-Furnished,10632000.0,11518000.0,12404000.0,13290000.0,14176000.0,15062000.0,15948000.0,16834000.0,17365600.0
904,1786023688-904,Aparna Constructions Skyline Gardens,5 BHK Villa,5 BHK,24520000.0,245.2,2526.0,5,4,9707.0,HSR Layout,Bangalore,East,Aparna Constructions,Ready To Move,Yes,West,Semi-Furnished,14712000.0,15938000.0,17164000.0,18390000.0,19616000.0,20842000.0,22068000.0,23294000.0,24029600.0
905,1786023688-905,Brigade Group Imperia Haven,1 BHK Flat,1 BHK,4270000.0,42.7,511.0,1,1,8356.0,Electronic City,Bangalore,South,Brigade Group,Ready To Move,Yes,East,Semi-Furnished,2562000.0,2775500.0,2989000.0,3202500.0,3416000.0,3629500.0,3843000.0,4056500.0,4184600.0
906,1786023688-906,Puravankara Elegance Enclave,2 BHK Flat,2 BHK,8510000.0,85.1,1182.0,2,2,7200.0,Hebbal,Bangalore,North,Puravankara,Ready To Move,Yes,East,Fully-Furnished,5106000.0,5531500.0,5957000.0,6382500.0,6808000.0,7233500.0,7659000.0,8084500.0,8339800.0
907,1786023688-907,Rustomjee Urban Square,3 BHK Flat,3 BHK,13810000.0,138.1,1601.0,3,3,8626.0,Yelahanka,Bangalore,Central,Rustomjee,Ready To Move,Yes,North-East,Unfurnished,8286000.0,8976500.0,9667000.0,10357500.0,11048000.0,11738500.0,12429000.0,13119500.0,13533800.0
908,1786023688-908,Tata Housing Central Plaza,4 BHK Flat,4 BHK,19090000.0,190.9,1955.0,4,4,9765.0,Sarjapur Road,Bangalore,West,Tata Housing,Under Construction,Yes,East,Fully-Furnished,11454000.0,12408500.0,13363000.0,14317500.0,15272000.0,16226500.0,17181000.0,18135500.0,18708200.0
909,1786023688-909,Mahindra Lifespaces Valley Terraces,5 BHK Villa,5 BHK,17830000.0,178.3,2476.0,5,4,7201.0,Bellandur,Bangalore,West,Mahindra Lifespaces,Ready To Move,Yes,North-East,Unfurnished,10698000.0,11589500.0,12481000.0,13372500.0,14264000.0,15155500.0,16047000.0,16938500.0,17473400.0
910,1786023688-910,Casagrand Heights Residences,1 BHK Flat,1 BHK,4090000.0,40.9,507.0,1,1,8067.0,Thanisandra,Bangalore,Central,Casagrand,Ready To Move,Yes,East,Fully-Furnished,2454000.0,2658500.0,2863000.0,3067500.0,3272000.0,3476500.0,3681000.0,3885500.0,4008200.0
911,1786023688-911,Kolte-Patil Palms Greens,2 BHK Flat,2 BHK,10300000.0,103.0,1056.0,2,2,9754.0,Marathahalli,Bangalore,South,Kolte-Patil,Under Construction,Yes,North,Fully-Furnished,6180000.0,6695000.0,7210000.0,7725000.0,8240000.0,8755000.0,9270000.0,9785000.0,10094000.0
912,1786023688-912,Piramal Realty Vista Estate,3 BHK Flat,3 BHK,12100000.0,121.0,1500.0,3,3,8067.0,Jayanagar,Bangalore,East,Piramal Realty,Under Construction,Yes,West,Semi-Furnished,7260000.0,7865000.0,8470000.0,9075000.0,9680000.0,10285000.0,10890000.0,11495000.0,11858000.0
913,1786023688-913,Prestige Group Avenue Heights,4 BHK Flat,4 BHK,17650000.0,176.5,2012.0,4,4,8772.0,Rajajinagar,Bangalore,Central,Prestige Group,Ready To Move,Yes,East,Fully-Furnished,10590000.0,11472500.0,12355000.0,13237500.0,14120000.0,15002500.0,15885000.0,16767500.0,17297000.0
914,1786023688-914,DLF Limited Oasis Villas,5 BHK Villa,5 BHK,24410000.0,244.1,2463.0,5,4,9911.0,Banashankari,Bangalore,Central,DLF Limited,Ready To Move,Yes,North-East,Semi-Furnished,14646000.0,15866500.0,17087000.0,18307500.0,19528000.0,20748500.0,21969000.0,23189500.0,23921800.0
915,1786023688-915,Godrej Properties Solitaire Towers,1 BHK Flat,1 BHK,5210000.0,52.1,661.0,1,1,7882.0,Malleshwaram,Bangalore,South,Godrej Properties,Under Construction,Yes,West,Semi-Furnished,3126000.0,3386500.0,3647000.0,3907500.0,4168000.0,4428500.0,4689000.0,4949500.0,5105800.0
916,1786023688-916,Sobha Limited Signature Park,2 BHK Flat,2 BHK,7080000.0,70.8,993.0,2,2,7130.0,Kaggadasapura,Bangalore,West,Sobha Limited,Under Construction,Yes,North,Semi-Furnished,4248000.0,4602000.0,4956000.0,5310000.0,5664000.0,6018000.0,6372000.0,6726000.0,6938400.0
917,1786023688-917,Oberoi Realty Crown Court,3 BHK Flat,3 BHK,10110000.0,101.1,1466.0,3,3,6896.0,BTM Layout,Bangalore,North,Oberoi Realty,Ready To Move,Yes,North-East,Unfurnished,6066000.0,6571500.0,7077000.0,7582500.0,8088000.0,8593500.0,9099000.0,9604500.0,9907800.0
918,1786023688-918,Hiranandani Group Royal Gardens,4 BHK Flat,4 BHK,16940000.0,169.4,2086.0,4,4,8121.0,JP Nagar,Bangalore,South,Hiranandani Group,Ready To Move,Yes,North,Unfurnished,10164000.0,11011000.0,11858000.0,12705000.0,13552000.0,14399000.0,15246000.0,16093000.0,16601200.0
919,1786023688-919,Lodha Group Grand Haven,5 BHK Villa,5 BHK,23430000.0,234.3,2342.0,5,4,10004.0,C V Raman Nagar,Bangalore,East,Lodha Group,Ready To Move,Yes,North-East,Unfurnished,14058000.0,15229500.0,16401000.0,17572500.0,18744000.0,19915500.0,21087000.0,22258500.0,22961400.0
920,1786023688-920,Aparna Constructions Emerald Enclave,1 BHK Flat,1 BHK,5310000.0,53.1,630.0,1,1,8429.0,Varthur,Bangalore,West,Aparna Constructions,Under Construction,Yes,West,Semi-Furnished,3186000.0,3451500.0,3717000.0,3982500.0,4248000.0,4513500.0,4779000.0,5044500.0,5203800.0
921,1786023688-921,Brigade Group Serene Square,2 BHK Flat,2 BHK,9670000.0,96.7,1016.0,2,2,9518.0,Whitefield,Bangalore,East,Brigade Group,Ready To Move,Yes,West,Unfurnished,5802000.0,6285500.0,6769000.0,7252500.0,7736000.0,8219500.0,8703000.0,9186500.0,9476600.0
922,1786023688-922,Puravankara Skyline Plaza,3 BHK Flat,3 BHK,14820000.0,148.2,1468.0,3,3,10095.0,Koramangala,Bangalore,North,Puravankara,Ready To Move,Yes,North,Unfurnished,8892000.0,9633000.0,10374000.0,11115000.0,11856000.0,12597000.0,13338000.0,14079000.0,14523600.0
923,1786023688-923,Rustomjee Imperia Terraces,4 BHK Flat,4 BHK,18580000.0,185.8,1983.0,4,4,9370.0,Indiranagar,Bangalore,West,Rustomjee,Under Construction,Yes,North,Unfurnished,11148000.0,12077000.0,13006000.0,13935000.0,14864000.0,15793000.0,16722000.0,17651000.0,18208400.0
924,1786023688-924,Tata Housing Elegance Residences,5 BHK Villa,5 BHK,21890000.0,218.9,2417.0,5,4,9057.0,HSR Layout,Bangalore,West,Tata Housing,Under Construction,Yes,North-East,Semi-Furnished,13134000.0,14228500.0,15323000.0,16417500.0,17512000.0,18606500.0,19701000.0,20795500.0,21452200.0
925,1786023688-925,Mahindra Lifespaces Urban Greens,1 BHK Flat,1 BHK,5030000.0,50.3,634.0,1,1,7934.0,Electronic City,Bangalore,North,Mahindra Lifespaces,Under Construction,Yes,West,Fully-Furnished,3018000.0,3269500.0,3521000.0,3772500.0,4024000.0,4275500.0,4527000.0,4778500.0,4929400.0
926,1786023688-926,Casagrand Central Estate,2 BHK Flat,2 BHK,7830000.0,78.3,1092.0,2,2,7170.0,Hebbal,Bangalore,Central,Casagrand,Ready To Move,Yes,North,Fully-Furnished,4698000.0,5089500.0,5481000.0,5872500.0,6264000.0,6655500.0,7047000.0,7438500.0,7673400.0
927,1786023688-927,Kolte-Patil Valley Heights,3 BHK Flat,3 BHK,10340000.0,103.4,1429.0,3,3,7236.0,Yelahanka,Bangalore,South,Kolte-Patil,Ready To Move,Yes,East,Fully-Furnished,6204000.0,6721000.0,7238000.0,7755000.0,8272000.0,8789000.0,9306000.0,9823000.0,10133200.0
928,1786023688-928,Piramal Realty Heights Villas,4 BHK Flat,4 BHK,18400000.0,184.0,2022.0,4,4,9100.0,Sarjapur Road,Bangalore,West,Piramal Realty,Ready To Move,Yes,East,Semi-Furnished,11040000.0,11960000.0,12880000.0,13800000.0,14720000.0,15640000.0,16560000.0,17480000.0,18032000.0
929,1786023688-929,Prestige Group Palms Towers,5 BHK Villa,5 BHK,17740000.0,177.4,2469.0,5,4,7185.0,Bellandur,Bangalore,West,Prestige Group,Under Construction,Yes,West,Semi-Furnished,10644000.0,11531000.0,12418000.0,13305000.0,14192000.0,15079000.0,15966000.0,16853000.0,17385200.0
930,1786023688-930,DLF Limited Vista Park,1 BHK Flat,1 BHK,5070000.0,50.7,710.0,1,1,7141.0,Thanisandra,Bangalore,North,DLF Limited,Under Construction,Yes,West,Semi-Furnished,3042000.0,3295500.0,3549000.0,3802500.0,4056000.0,4309500.0,4563000.0,4816500.0,4968600.0
931,1786023688-931,Godrej Properties Avenue Court,2 BHK Flat,2 BHK,6950000.0,69.5,971.0,2,2,7158.0,Marathahalli,Bangalore,North,Godrej Properties,Under Construction,Yes,North,Fully-Furnished,4170000.0,4517500.0,4865000.0,5212500.0,5560000.0,5907500.0,6255000.0,6602500.0,6811000.0
932,1786023688-932,Sobha Limited Oasis Gardens,3 BHK Flat,3 BHK,11630000.0,116.3,1493.0,3,3,7790.0,Jayanagar,Bangalore,North,Sobha Limited,Under Construction,Yes,North,Unfurnished,6978000.0,7559500.0,8141000.0,8722500.0,9304000.0,9885500.0,10467000.0,11048500.0,11397400.0
933,1786023688-933,Oberoi Realty Solitaire Haven,4 BHK Flat,4 BHK,19070000.0,190.7,1918.0,4,4,9943.0,Rajajinagar,Bangalore,East,Oberoi Realty,Ready To Move,Yes,East,Fully-Furnished,11442000.0,12395500.0,13349000.0,14302500.0,15256000.0,16209500.0,17163000.0,18116500.0,18688600.0
934,1786023688-934,Hiranandani Group Signature Enclave,5 BHK Villa,5 BHK,21950000.0,219.5,2368.0,5,4,9269.0,Banashankari,Bangalore,South,Hiranandani Group,Ready To Move,Yes,West,Semi-Furnished,13170000.0,14267500.0,15365000.0,16462500.0,17560000.0,18657500.0,19755000.0,20852500.0,21511000.0
935,1786023688-935,Lodha Group Crown Square,1 BHK Flat,1 BHK,6360000.0,63.6,692.0,1,1,9191.0,Malleshwaram,Bangalore,Central,Lodha Group,Under Construction,Yes,East,Unfurnished,3816000.0,4134000.0,4452000.0,4770000.0,5088000.0,5406000.0,5724000.0,6042000.0,6232800.0
936,1786023688-936,Aparna Constructions Royal Plaza,2 BHK Flat,2 BHK,8130000.0,81.3,1070.0,2,2,7598.0,Kaggadasapura,Bangalore,Central,Aparna Constructions,Ready To Move,Yes,West,Semi-Furnished,4878000.0,5284500.0,5691000.0,6097500.0,6504000.0,6910500.0,7317000.0,7723500.0,7967400.0
937,1786023688-937,Brigade Group Grand Terraces,3 BHK Flat,3 BHK,11620000.0,116.2,1460.0,3,3,7959.0,BTM Layout,Bangalore,North,Brigade Group,Under Construction,Yes,North,Fully-Furnished,6972000.0,7553000.0,8134000.0,8715000.0,9296000.0,9877000.0,10458000.0,11039000.0,11387600.0
938,1786023688-938,Puravankara Emerald Residences,4 BHK Flat,4 BHK,14710000.0,147.1,1934.0,4,4,7606.0,JP Nagar,Bangalore,North,Puravankara,Ready To Move,Yes,North,Semi-Furnished,8826000.0,9561500.0,10297000.0,11032500.0,11768000.0,12503500.0,13239000.0,13974500.0,14415800.0
939,1786023688-939,Rustomjee Serene Greens,5 BHK Villa,5 BHK,21990000.0,219.9,2332.0,5,4,9430.0,C V Raman Nagar,Bangalore,North,Rustomjee,Ready To Move,Yes,East,Unfurnished,13194000.0,14293500.0,15393000.0,16492500.0,17592000.0,18691500.0,19791000.0,20890500.0,21550200.0
940,1786023688-940,Tata Housing Skyline Estate,1 BHK Flat,1 BHK,6250000.0,62.5,651.0,1,1,9601.0,Varthur,Bangalore,South,Tata Housing,Ready To Move,Yes,East,Unfurnished,3750000.0,4062500.0,4375000.0,4687500.0,5000000.0,5312500.0,5625000.0,5937500.0,6125000.0
941,1786023688-941,Mahindra Lifespaces Imperia Heights,2 BHK Flat,2 BHK,8500000.0,85.0,977.0,2,2,8700.0,Whitefield,Bangalore,West,Mahindra Lifespaces,Under Construction,Yes,North,Fully-Furnished,5100000.0,5525000.0,5950000.0,6375000.0,6800000.0,7225000.0,7650000.0,8075000.0,8330000.0
942,1786023688-942,Casagrand Elegance Villas,3 BHK Flat,3 BHK,11350000.0,113.5,1410.0,3,3,8050.0,Koramangala,Bangalore,North,Casagrand,Under Construction,Yes,West,Fully-Furnished,6810000.0,7377500.0,7945000.0,8512500.0,9080000.0,9647500.0,10215000.0,10782500.0,11123000.0
943,1786023688-943,Kolte-Patil Urban Towers,4 BHK Flat,4 BHK,20100000.0,201.0,2003.0,4,4,10035.0,Indiranagar,Bangalore,East,Kolte-Patil,Ready To Move,Yes,East,Fully-Furnished,12060000.0,13065000.0,14070000.0,15075000.0,16080000.0,17085000.0,18090000.0,19095000.0,19698000.0
944,1786023688-944,Piramal Realty Central Park,5 BHK Villa,5 BHK,19470000.0,194.7,2313.0,5,4,8418.0,HSR Layout,Bangalore,East,Piramal Realty,Under Construction,Yes,East,Fully-Furnished,11682000.0,12655500.0,13629000.0,14602500.0,15576000.0,16549500.0,17523000.0,18496500.0,19080600.0
945,1786023688-945,Prestige Group Valley Court,1 BHK Flat,1 BHK,5140000.0,51.4,685.0,1,1,7504.0,Electronic City,Bangalore,Central,Prestige Group,Under Construction,Yes,East,Unfurnished,3084000.0,3341000.0,3598000.0,3855000.0,4112000.0,4369000.0,4626000.0,4883000.0,5037200.0
946,1786023688-946,DLF Limited Heights Gardens,2 BHK Flat,2 BHK,11110000.0,111.1,1115.0,2,2,9964.0,Hebbal,Bangalore,South,DLF Limited,Under Construction,Yes,West,Fully-Furnished,6666000.0,7221500.0,7777000.0,8332500.0,8888000.0,9443500.0,9999000.0,10554500.0,10887800.0
947,1786023688-947,Godrej Properties Palms Haven,3 BHK Flat,3 BHK,14910000.0,149.1,1583.0,3,3,9419.0,Yelahanka,Bangalore,North,Godrej Properties,Ready To Move,Yes,North-East,Semi-Furnished,8946000.0,9691500.0,10437000.0,11182500.0,11928000.0,12673500.0,13419000.0,14164500.0,14611800.0
948,1786023688-948,Sobha Limited Vista Enclave,4 BHK Flat,4 BHK,19860000.0,198.6,2043.0,4,4,9721.0,Sarjapur Road,Bangalore,West,Sobha Limited,Ready To Move,Yes,North,Unfurnished,11916000.0,12909000.0,13902000.0,14895000.0,15888000.0,16881000.0,17874000.0,18867000.0,19462800.0
949,1786023688-949,Oberoi Realty Avenue Square,5 BHK Villa,5 BHK,16560000.0,165.6,2349.0,5,4,7050.0,Bellandur,Bangalore,North,Oberoi Realty,Ready To Move,Yes,North-East,Semi-Furnished,9936000.0,10764000.0,11592000.0,12420000.0,13248000.0,14076000.0,14904000.0,15732000.0,16228800.0
950,1786023688-950,Hiranandani Group Oasis Plaza,1 BHK Flat,1 BHK,4990000.0,49.9,652.0,1,1,7653.0,Thanisandra,Bangalore,North,Hiranandani Group,Under Construction,Yes,North,Semi-Furnished,2994000.0,3243500.0,3493000.0,3742500.0,3992000.0,4241500.0,4491000.0,4740500.0,4890200.0
951,1786023688-951,Lodha Group Solitaire Terraces,2 BHK Flat,2 BHK,8820000.0,88.2,982.0,2,2,8982.0,Marathahalli,Bangalore,South,Lodha Group,Under Construction,Yes,East,Semi-Furnished,5292000.0,5733000.0,6174000.0,6615000.0,7056000.0,7497000.0,7938000.0,8379000.0,8643600.0
952,1786023688-952,Aparna Constructions Signature Residences,3 BHK Flat,3 BHK,11250000.0,112.5,1486.0,3,3,7571.0,Jayanagar,Bangalore,South,Aparna Constructions,Ready To Move,Yes,East,Fully-Furnished,6750000.0,7312500.0,7875000.0,8437500.0,9000000.0,9562500.0,10125000.0,10687500.0,11025000.0
953,1786023688-953,Brigade Group Crown Greens,4 BHK Flat,4 BHK,16920000.0,169.2,2075.0,4,4,8154.0,Rajajinagar,Bangalore,North,Brigade Group,Ready To Move,Yes,North,Semi-Furnished,10152000.0,10998000.0,11844000.0,12690000.0,13536000.0,14382000.0,15228000.0,16074000.0,16581600.0
954,1786023688-954,Puravankara Royal Estate,5 BHK Villa,5 BHK,17120000.0,171.2,2311.0,5,4,7408.0,Banashankari,Bangalore,Central,Puravankara,Ready To Move,Yes,East,Unfurnished,10272000.0,11128000.0,11984000.0,12840000.0,13696000.0,14552000.0,15408000.0,16264000.0,16777600.0
955,1786023688-955,Rustomjee Grand Heights,1 BHK Flat,1 BHK,5700000.0,57.0,741.0,1,1,7692.0,Malleshwaram,Bangalore,West,Rustomjee,Ready To Move,Yes,West,Unfurnished,3420000.0,3705000.0,3990000.0,4275000.0,4560000.0,4845000.0,5130000.0,5415000.0,5586000.0
956,1786023688-956,Tata Housing Emerald Villas,2 BHK Flat,2 BHK,8260000.0,82.6,1126.0,2,2,7336.0,Kaggadasapura,Bangalore,East,Tata Housing,Ready To Move,Yes,West,Unfurnished,4956000.0,5369000.0,5782000.0,6195000.0,6608000.0,7021000.0,7434000.0,7847000.0,8094800.0
957,1786023688-957,Mahindra Lifespaces Serene Towers,3 BHK Flat,3 BHK,16090000.0,160.9,1614.0,3,3,9969.0,BTM Layout,Bangalore,North,Mahindra Lifespaces,Under Construction,Yes,East,Fully-Furnished,9654000.0,10458500.0,11263000.0,12067500.0,12872000.0,13676500.0,14481000.0,15285500.0,15768200.0
958,1786023688-958,Casagrand Skyline Park,4 BHK Flat,4 BHK,18590000.0,185.9,2088.0,4,4,8903.0,JP Nagar,Bangalore,North,Casagrand,Under Construction,Yes,East,Semi-Furnished,11154000.0,12083500.0,13013000.0,13942500.0,14872000.0,15801500.0,16731000.0,17660500.0,18218200.0
959,1786023688-959,Kolte-Patil Imperia Court,5 BHK Villa,5 BHK,16970000.0,169.7,2403.0,5,4,7062.0,C V Raman Nagar,Bangalore,South,Kolte-Patil,Under Construction,Yes,East,Fully-Furnished,10182000.0,11030500.0,11879000.0,12727500.0,13576000.0,14424500.0,15273000.0,16121500.0,16630600.0
960,1786023688-960,Piramal Realty Elegance Gardens,1 BHK Flat,1 BHK,4810000.0,48.1,523.0,1,1,9197.0,Varthur,Bangalore,East,Piramal Realty,Under Construction,Yes,East,Fully-Furnished,2886000.0,3126500.0,3367000.0,3607500.0,3848000.0,4088500.0,4329000.0,4569500.0,4713800.0
961,1786023688-961,Prestige Group Urban Haven,2 BHK Flat,2 BHK,9910000.0,99.1,1090.0,2,2,9092.0,Whitefield,Bangalore,West,Prestige Group,Under Construction,Yes,West,Unfurnished,5946000.0,6441500.0,6937000.0,7432500.0,7928000.0,8423500.0,8919000.0,9414500.0,9711800.0
962,1786023688-962,DLF Limited Central Enclave,3 BHK Flat,3 BHK,13100000.0,131.0,1639.0,3,3,7993.0,Koramangala,Bangalore,Central,DLF Limited,Ready To Move,Yes,East,Fully-Furnished,7860000.0,8515000.0,9170000.0,9825000.0,10480000.0,11135000.0,11790000.0,12445000.0,12838000.0
963,1786023688-963,Godrej Properties Valley Square,4 BHK Flat,4 BHK,14240000.0,142.4,1882.0,4,4,7566.0,Indiranagar,Bangalore,Central,Godrej Properties,Under Construction,Yes,East,Fully-Furnished,8544000.0,9256000.0,9968000.0,10680000.0,11392000.0,12104000.0,12816000.0,13528000.0,13955200.0
964,1786023688-964,Sobha Limited Heights Plaza,5 BHK Villa,5 BHK,23890000.0,238.9,2425.0,5,4,9852.0,HSR Layout,Bangalore,South,Sobha Limited,Ready To Move,Yes,West,Semi-Furnished,14334000.0,15528500.0,16723000.0,17917500.0,19112000.0,20306500.0,21501000.0,22695500.0,23412200.0
965,1786023688-965,Oberoi Realty Palms Terraces,1 BHK Flat,1 BHK,5820000.0,58.2,693.0,1,1,8398.0,Electronic City,Bangalore,South,Oberoi Realty,Ready To Move,Yes,West,Semi-Furnished,3492000.0,3783000.0,4074000.0,4365000.0,4656000.0,4947000.0,5238000.0,5529000.0,5703600.0
966,1786023688-966,Hiranandani Group Vista Residences,2 BHK Flat,2 BHK,8550000.0,85.5,973.0,2,2,8787.0,Hebbal,Bangalore,West,Hiranandani Group,Ready To Move,Yes,East,Semi-Furnished,5130000.0,5557500.0,5985000.0,6412500.0,6840000.0,7267500.0,7695000.0,8122500.0,8379000.0
967,1786023688-967,Lodha Group Avenue Greens,3 BHK Flat,3 BHK,10900000.0,109.0,1552.0,3,3,7023.0,Yelahanka,Bangalore,North,Lodha Group,Under Construction,Yes,East,Unfurnished,6540000.0,7085000.0,7630000.0,8175000.0,8720000.0,9265000.0,9810000.0,10355000.0,10682000.0
968,1786023688-968,Aparna Constructions Oasis Estate,4 BHK Flat,4 BHK,15720000.0,157.2,1918.0,4,4,8196.0,Sarjapur Road,Bangalore,South,Aparna Constructions,Ready To Move,Yes,East,Semi-Furnished,9432000.0,10218000.0,11004000.0,11790000.0,12576000.0,13362000.0,14148000.0,14934000.0,15405600.0
969,1786023688-969,Brigade Group Solitaire Heights,5 BHK Villa,5 BHK,20090000.0,200.9,2497.0,5,4,8046.0,Bellandur,Bangalore,East,Brigade Group,Under Construction,Yes,North-East,Fully-Furnished,12054000.0,13058500.0,14063000.0,15067500.0,16072000.0,17076500.0,18081000.0,19085500.0,19688200.0
970,1786023688-970,Puravankara Signature Villas,1 BHK Flat,1 BHK,7060000.0,70.6,736.0,1,1,9592.0,Thanisandra,Bangalore,Central,Puravankara,Ready To Move,Yes,East,Fully-Furnished,4236000.0,4589000.0,4942000.0,5295000.0,5648000.0,6001000.0,6354000.0,6707000.0,6918800.0
971,1786023688-971,Rustomjee Crown Towers,2 BHK Flat,2 BHK,8570000.0,85.7,1122.0,2,2,7638.0,Marathahalli,Bangalore,North,Rustomjee,Under Construction,Yes,North,Fully-Furnished,5142000.0,5570500.0,5999000.0,6427500.0,6856000.0,7284500.0,7713000.0,8141500.0,8398600.0
972,1786023688-972,Tata Housing Royal Park,3 BHK Flat,3 BHK,11410000.0,114.1,1404.0,3,3,8127.0,Jayanagar,Bangalore,Central,Tata Housing,Ready To Move,Yes,West,Unfurnished,6846000.0,7416500.0,7987000.0,8557500.0,9128000.0,9698500.0,10269000.0,10839500.0,11181800.0
973,1786023688-973,Mahindra Lifespaces Grand Court,4 BHK Flat,4 BHK,18260000.0,182.6,1916.0,4,4,9530.0,Rajajinagar,Bangalore,West,Mahindra Lifespaces,Under Construction,Yes,North,Semi-Furnished,10956000.0,11869000.0,12782000.0,13695000.0,14608000.0,15521000.0,16434000.0,17347000.0,17894800.0
974,1786023688-974,Casagrand Emerald Gardens,5 BHK Villa,5 BHK,23160000.0,231.6,2362.0,5,4,9805.0,Banashankari,Bangalore,South,Casagrand,Ready To Move,Yes,North,Unfurnished,13896000.0,15054000.0,16212000.0,17370000.0,18528000.0,19686000.0,20844000.0,22002000.0,22696800.0
975,1786023688-975,Kolte-Patil Serene Haven,1 BHK Flat,1 BHK,6440000.0,64.4,648.0,1,1,9938.0,Malleshwaram,Bangalore,Central,Kolte-Patil,Ready To Move,Yes,North,Unfurnished,3864000.0,4186000.0,4508000.0,4830000.0,5152000.0,5474000.0,5796000.0,6118000.0,6311200.0
976,1786023688-976,Piramal Realty Skyline Enclave,2 BHK Flat,2 BHK,11180000.0,111.8,1112.0,2,2,10054.0,Kaggadasapura,Bangalore,North,Piramal Realty,Under Construction,Yes,West,Semi-Furnished,6708000.0,7267000.0,7826000.0,8385000.0,8944000.0,9503000.0,10062000.0,10621000.0,10956400.0
977,1786023688-977,Prestige Group Imperia Square,3 BHK Flat,3 BHK,12290000.0,122.9,1584.0,3,3,7759.0,BTM Layout,Bangalore,Central,Prestige Group,Ready To Move,Yes,West,Unfurnished,7374000.0,7988500.0,8603000.0,9217500.0,9832000.0,10446500.0,11061000.0,11675500.0,12044200.0
978,1786023688-978,DLF Limited Elegance Plaza,4 BHK Flat,4 BHK,18040000.0,180.4,1967.0,4,4,9171.0,JP Nagar,Bangalore,South,DLF Limited,Ready To Move,Yes,North,Fully-Furnished,10824000.0,11726000.0,12628000.0,13530000.0,14432000.0,15334000.0,16236000.0,17138000.0,17679200.0
979,1786023688-979,Godrej Properties Urban Terraces,5 BHK Villa,5 BHK,19250000.0,192.5,2400.0,5,4,8021.0,C V Raman Nagar,Bangalore,West,Godrej Properties,Ready To Move,Yes,East,Unfurnished,11550000.0,12512500.0,13475000.0,14437500.0,15400000.0,16362500.0,17325000.0,18287500.0,18865000.0
980,1786023688-980,Sobha Limited Central Residences,1 BHK Flat,1 BHK,4660000.0,46.6,531.0,1,1,8776.0,Varthur,Bangalore,North,Sobha Limited,Under Construction,Yes,East,Unfurnished,2796000.0,3029000.0,3262000.0,3495000.0,3728000.0,3961000.0,4194000.0,4427000.0,4566800.0
981,1786023688-981,Oberoi Realty Valley Greens,2 BHK Flat,2 BHK,10770000.0,107.7,1126.0,2,2,9565.0,Whitefield,Bangalore,North,Oberoi Realty,Ready To Move,Yes,East,Unfurnished,6462000.0,7000500.0,7539000.0,8077500.0,8616000.0,9154500.0,9693000.0,10231500.0,10554600.0
982,1786023688-982,Hiranandani Group Heights Estate,3 BHK Flat,3 BHK,12680000.0,126.8,1625.0,3,3,7803.0,Koramangala,Bangalore,Central,Hiranandani Group,Ready To Move,Yes,West,Semi-Furnished,7608000.0,8242000.0,8876000.0,9510000.0,10144000.0,10778000.0,11412000.0,12046000.0,12426400.0
983,1786023688-983,Lodha Group Palms Heights,4 BHK Flat,4 BHK,15740000.0,157.4,2002.0,4,4,7862.0,Indiranagar,Bangalore,East,Lodha Group,Ready To Move,Yes,East,Semi-Furnished,9444000.0,10231000.0,11018000.0,11805000.0,12592000.0,13379000.0,14166000.0,14953000.0,15425200.0
984,1786023688-984,Aparna Constructions Vista Villas,5 BHK Villa,5 BHK,20880000.0,208.8,2517.0,5,4,8296.0,HSR Layout,Bangalore,East,Aparna Constructions,Under Construction,Yes,East,Fully-Furnished,12528000.0,13572000.0,14616000.0,15660000.0,16704000.0,17748000.0,18792000.0,19836000.0,20462400.0
985,1786023688-985,Brigade Group Avenue Towers,1 BHK Flat,1 BHK,6760000.0,67.6,740.0,1,1,9135.0,Electronic City,Bangalore,North,Brigade Group,Under Construction,Yes,West,Semi-Furnished,4056000.0,4394000.0,4732000.0,5070000.0,5408000.0,5746000.0,6084000.0,6422000.0,6624800.0
986,1786023688-986,Puravankara Oasis Park,2 BHK Flat,2 BHK,7970000.0,79.7,1158.0,2,2,6883.0,Hebbal,Bangalore,South,Puravankara,Ready To Move,Yes,East,Semi-Furnished,4782000.0,5180500.0,5579000.0,5977500.0,6376000.0,6774500.0,7173000.0,7571500.0,7810600.0
987,1786023688-987,Rustomjee Solitaire Court,3 BHK Flat,3 BHK,15000000.0,150.0,1506.0,3,3,9960.0,Yelahanka,Bangalore,North,Rustomjee,Under Construction,Yes,West,Fully-Furnished,9000000.0,9750000.0,10500000.0,11250000.0,12000000.0,12750000.0,13500000.0,14250000.0,14700000.0
988,1786023688-988,Tata Housing Signature Gardens,4 BHK Flat,4 BHK,18220000.0,182.2,2025.0,4,4,8998.0,Sarjapur Road,Bangalore,East,Tata Housing,Ready To Move,Yes,East,Unfurnished,10932000.0,11843000.0,12754000.0,13665000.0,14576000.0,15487000.0,16398000.0,17309000.0,17855600.0
989,1786023688-989,Mahindra Lifespaces Crown Haven,5 BHK Villa,5 BHK,23020000.0,230.2,2487.0,5,4,9256.0,Bellandur,Bangalore,East,Mahindra Lifespaces,Ready To Move,Yes,East,Unfurnished,13812000.0,14963000.0,16114000.0,17265000.0,18416000.0,19567000.0,20718000.0,21869000.0,22559600.0
990,1786023688-990,Casagrand Royal Enclave,1 BHK Flat,1 BHK,4910000.0,49.1,633.0,1,1,7757.0,Thanisandra,Bangalore,North,Casagrand,Under Construction,Yes,East,Fully-Furnished,2946000.0,3191500.0,3437000.0,3682500.0,3928000.0,4173500.0,4419000.0,4664500.0,4811800.0
991,1786023688-991,Kolte-Patil Grand Square,2 BHK Flat,2 BHK,9650000.0,96.5,962.0,2,2,10031.0,Marathahalli,Bangalore,Central,Kolte-Patil,Ready To Move,Yes,North-East,Unfurnished,5790000.0,6272500.0,6755000.0,7237500.0,7720000.0,8202500.0,8685000.0,9167500.0,9457000.0
992,1786023688-992,Piramal Realty Emerald Plaza,3 BHK Flat,3 BHK,11290000.0,112.9,1454.0,3,3,7765.0,Jayanagar,Bangalore,Central,Piramal Realty,Under Construction,Yes,North,Unfurnished,6774000.0,7338500.0,7903000.0,8467500.0,9032000.0,9596500.0,10161000.0,10725500.0,11064200.0
993,1786023688-993,Prestige Group Serene Terraces,4 BHK Flat,4 BHK,15910000.0,159.1,1873.0,4,4,8494.0,Rajajinagar,Bangalore,West,Prestige Group,Under Construction,Yes,West,Unfurnished,9546000.0,10341500.0,11137000.0,11932500.0,12728000.0,13523500.0,14319000.0,15114500.0,15591800.0
994,1786023688-994,DLF Limited Skyline Residences,5 BHK Villa,5 BHK,23360000.0,233.6,2433.0,5,4,9601.0,Banashankari,Bangalore,Central,DLF Limited,Under Construction,Yes,North,Unfurnished,14016000.0,15184000.0,16352000.0,17520000.0,18688000.0,19856000.0,21024000.0,22192000.0,22892800.0
995,1786023688-995,Godrej Properties Imperia Greens,1 BHK Flat,1 BHK,3940000.0,39.4,550.0,1,1,7164.0,Malleshwaram,Bangalore,North,Godrej Properties,Ready To Move,Yes,North,Unfurnished,2364000.0,2561000.0,2758000.0,2955000.0,3152000.0,3349000.0,3546000.0,3743000.0,3861200.0
996,1786023688-996,Sobha Limited Elegance Estate,2 BHK Flat,2 BHK,11610000.0,116.1,1181.0,2,2,9831.0,Kaggadasapura,Bangalore,East,Sobha Limited,Ready To Move,Yes,North-East,Fully-Furnished,6966000.0,7546500.0,8127000.0,8707500.0,9288000.0,9868500.0,10449000.0,11029500.0,11377800.0
997,1786023688-997,Oberoi Realty Urban Heights,3 BHK Flat,3 BHK,12350000.0,123.5,1576.0,3,3,7836.0,BTM Layout,Bangalore,Central,Oberoi Realty,Under Construction,Yes,North-East,Unfurnished,7410000.0,8027500.0,8645000.0,9262500.0,9880000.0,10497500.0,11115000.0,11732500.0,12103000.0
998,1786023688-998,Hiranandani Group Central Villas,4 BHK Flat,4 BHK,18290000.0,182.9,2054.0,4,4,8905.0,JP Nagar,Bangalore,East,Hiranandani Group,Under Construction,Yes,North-East,Unfurnished,10974000.0,11888500.0,12803000.0,13717500.0,14632000.0,15546500.0,16461000.0,17375500.0,17924200.0
999,1786023688-999,Lodha Group Valley Towers,5 BHK Villa,5 BHK,16960000.0,169.6,2344.0,5,4,7235.0,C V Raman Nagar,Bangalore,South,Lodha Group,Ready To Move,Yes,East,Unfurnished,10176000.0,11024000.0,11872000.0,12720000.0,13568000.0,14416000.0,15264000.0,16112000.0,16620800.0
1000,1786023688-1000,Aparna Constructions Heights Park,1 BHK Flat,1 BHK,5300000.0,53.0,734.0,1,1,7221.0,Varthur,Bangalore,West,Aparna Constructions,Under Construction,Yes,North,Semi-Furnished,3180000.0,3445000.0,3710000.0,3975000.0,4240000.0,4505000.0,4770000.0,5035000.0,5194000.0
1001,1786023688-1001,Brigade Group Palms Court,2 BHK Flat,2 BHK,9570000.0,95.7,1047.0,2,2,9140.0,Whitefield,Bangalore,South,Brigade Group,Under Construction,Yes,North,Fully-Furnished,5742000.0,6220500.0,6699000.0,7177500.0,7656000.0,8134500.0,8613000.0,9091500.0,9378600.0
1002,1786023688-1002,Puravankara Vista Gardens,3 BHK Flat,3 BHK,11540000.0,115.4,1472.0,3,3,7840.0,Koramangala,Bangalore,North,Puravankara,Ready To Move,Yes,West,Semi-Furnished,6924000.0,7501000.0,8078000.0,8655000.0,9232000.0,9809000.0,10386000.0,10963000.0,11309200.0
1003,1786023688-1003,Rustomjee Avenue Haven,4 BHK Flat,4 BHK,14530000.0,145.3,1949.0,4,4,7455.0,Indiranagar,Bangalore,Central,Rustomjee,Ready To Move,Yes,North,Semi-Furnished,8718000.0,9444500.0,10171000.0,10897500.0,11624000.0,12350500.0,13077000.0,13803500.0,14239400.0
1004,1786023688-1004,Tata Housing Oasis Enclave,5 BHK Villa,5 BHK,24560000.0,245.6,2546.0,5,4,9647.0,HSR Layout,Bangalore,West,Tata Housing,Under Construction,Yes,North-East,Unfurnished,14736000.0,15964000.0,17192000.0,18420000.0,19648000.0,20876000.0,22104000.0,23332000.0,24068800.0
1005,1786023688-1005,Mahindra Lifespaces Solitaire Square,1 BHK Flat,1 BHK,5640000.0,56.4,669.0,1,1,8430.0,Electronic City,Bangalore,East,Mahindra Lifespaces,Under Construction,Yes,East,Unfurnished,3384000.0,3666000.0,3948000.0,4230000.0,4512000.0,4794000.0,5076000.0,5358000.0,5527200.0
1006,1786023688-1006,Casagrand Signature Plaza,2 BHK Flat,2 BHK,9230000.0,92.3,1039.0,2,2,8884.0,Hebbal,Bangalore,Central,Casagrand,Under Construction,Yes,East,Fully-Furnished,5538000.0,5999500.0,6461000.0,6922500.0,7384000.0,7845500.0,8307000.0,8768500.0,9045400.0
1007,1786023688-1007,Kolte-Patil Crown Terraces,3 BHK Flat,3 BHK,10070000.0,100.7,1443.0,3,3,6979.0,Yelahanka,Bangalore,South,Kolte-Patil,Under Construction,Yes,East,Fully-Furnished,6042000.0,6545500.0,7049000.0,7552500.0,8056000.0,8559500.0,9063000.0,9566500.0,9868600.0
1008,1786023688-1008,Piramal Realty Royal Residences,4 BHK Flat,4 BHK,17030000.0,170.3,1934.0,4,4,8806.0,Sarjapur Road,Bangalore,South,Piramal Realty,Ready To Move,Yes,North-East,Fully-Furnished,10218000.0,11069500.0,11921000.0,12772500.0,13624000.0,14475500.0,15327000.0,16178500.0,16689400.0
1009,1786023688-1009,Prestige Group Grand Greens,5 BHK Villa,5 BHK,16210000.0,162.1,2311.0,5,4,7014.0,Bellandur,Bangalore,East,Prestige Group,Under Construction,Yes,East,Unfurnished,9726000.0,10536500.0,11347000.0,12157500.0,12968000.0,13778500.0,14589000.0,15399500.0,15885800.0
1010,1786023688-1010,DLF Limited Emerald Estate,1 BHK Flat,1 BHK,4110000.0,41.1,554.0,1,1,7419.0,Thanisandra,Bangalore,West,DLF Limited,Under Construction,Yes,East,Unfurnished,2466000.0,2671500.0,2877000.0,3082500.0,3288000.0,3493500.0,3699000.0,3904500.0,4027800.0
1011,1786023688-1011,Godrej Properties Serene Heights,2 BHK Flat,2 BHK,10010000.0,100.1,986.0,2,2,10152.0,Marathahalli,Bangalore,South,Godrej Properties,Ready To Move,Yes,North,Semi-Furnished,6006000.0,6506500.0,7007000.0,7507500.0,8008000.0,8508500.0,9009000.0,9509500.0,9809800.0
1012,1786023688-1012,Sobha Limited Skyline Villas,3 BHK Flat,3 BHK,11310000.0,113.1,1599.0,3,3,7073.0,Jayanagar,Bangalore,North,Sobha Limited,Ready To Move,Yes,North,Semi-Furnished,6786000.0,7351500.0,7917000.0,8482500.0,9048000.0,9613500.0,10179000.0,10744500.0,11083800.0
1013,1786023688-1013,Oberoi Realty Imperia Towers,4 BHK Flat,4 BHK,17620000.0,176.2,2029.0,4,4,8684.0,Rajajinagar,Bangalore,East,Oberoi Realty,Ready To Move,Yes,West,Unfurnished,10572000.0,11453000.0,12334000.0,13215000.0,14096000.0,14977000.0,15858000.0,16739000.0,17267600.0
1014,1786023688-1014,Hiranandani Group Elegance Park,5 BHK Villa,5 BHK,17090000.0,170.9,2444.0,5,4,6993.0,Banashankari,Bangalore,West,Hiranandani Group,Under Construction,Yes,West,Unfurnished,10254000.0,11108500.0,11963000.0,12817500.0,13672000.0,14526500.0,15381000.0,16235500.0,16748200.0
1015,1786023688-1015,Lodha Group Urban Court,1 BHK Flat,1 BHK,7200000.0,72.0,707.0,1,1,10184.0,Malleshwaram,Bangalore,Central,Lodha Group,Ready To Move,Yes,East,Unfurnished,4320000.0,4680000.0,5040000.0,5400000.0,5760000.0,6120000.0,6480000.0,6840000.0,7056000.0
1016,1786023688-1016,Aparna Constructions Central Gardens,2 BHK Flat,2 BHK,10300000.0,103.0,1130.0,2,2,9115.0,Kaggadasapura,Bangalore,Central,Aparna Constructions,Ready To Move,Yes,North-East,Unfurnished,6180000.0,6695000.0,7210000.0,7725000.0,8240000.0,8755000.0,9270000.0,9785000.0,10094000.0
1017,1786023688-1017,Brigade Group Valley Haven,3 BHK Flat,3 BHK,12140000.0,121.4,1625.0,3,3,7471.0,BTM Layout,Bangalore,South,Brigade Group,Under Construction,Yes,West,Unfurnished,7284000.0,7891000.0,8498000.0,9105000.0,9712000.0,10319000.0,10926000.0,11533000.0,11897200.0
1018,1786023688-1018,Puravankara Heights Enclave,4 BHK Flat,4 BHK,13850000.0,138.5,2036.0,4,4,6803.0,JP Nagar,Bangalore,East,Puravankara,Ready To Move,Yes,North-East,Semi-Furnished,8310000.0,9002500.0,9695000.0,10387500.0,11080000.0,11772500.0,12465000.0,13157500.0,13573000.0
1019,1786023688-1019,Rustomjee Palms Square,5 BHK Villa,5 BHK,20010000.0,200.1,2344.0,5,4,8537.0,C V Raman Nagar,Bangalore,North,Rustomjee,Ready To Move,Yes,West,Unfurnished,12006000.0,13006500.0,14007000.0,15007500.0,16008000.0,17008500.0,18009000.0,19009500.0,19609800.0
1020,1786023688-1020,Tata Housing Vista Plaza,1 BHK Flat,1 BHK,4850000.0,48.5,701.0,1,1,6919.0,Varthur,Bangalore,West,Tata Housing,Ready To Move,Yes,East,Fully-Furnished,2910000.0,3152500.0,3395000.0,3637500.0,3880000.0,4122500.0,4365000.0,4607500.0,4753000.0
1021,1786023688-1021,Mahindra Lifespaces Avenue Terraces,2 BHK Flat,2 BHK,12030000.0,120.3,1180.0,2,2,10195.0,Whitefield,Bangalore,East,Mahindra Lifespaces,Ready To Move,Yes,North-East,Unfurnished,7218000.0,7819500.0,8421000.0,9022500.0,9624000.0,10225500.0,10827000.0,11428500.0,11789400.0
1022,1786023688-1022,Casagrand Oasis Residences,3 BHK Flat,3 BHK,13180000.0,131.8,1411.0,3,3,9341.0,Koramangala,Bangalore,West,Casagrand,Under Construction,Yes,North,Unfurnished,7908000.0,8567000.0,9226000.0,9885000.0,10544000.0,11203000.0,11862000.0,12521000.0,12916400.0
1023,1786023688-1023,Kolte-Patil Solitaire Greens,4 BHK Flat,4 BHK,18480000.0,184.8,2046.0,4,4,9032.0,Indiranagar,Bangalore,Central,Kolte-Patil,Under Construction,Yes,West,Semi-Furnished,11088000.0,12012000.0,12936000.0,13860000.0,14784000.0,15708000.0,16632000.0,17556000.0,18110400.0
1024,1786023688-1024,Piramal Realty Signature Estate,5 BHK Villa,5 BHK,19370000.0,193.7,2346.0,5,4,8257.0,HSR Layout,Bangalore,North,Piramal Realty,Under Construction,Yes,North-East,Unfurnished,11622000.0,12590500.0,13559000.0,14527500.0,15496000.0,16464500.0,17433000.0,18401500.0,18982600.0
1025,1786023688-1025,Prestige Group Crown Heights,1 BHK Flat,1 BHK,4700000.0,47.0,531.0,1,1,8851.0,Electronic City,Bangalore,South,Prestige Group,Ready To Move,Yes,West,Fully-Furnished,2820000.0,3055000.0,3290000.0,3525000.0,3760000.0,3995000.0,4230000.0,4465000.0,4606000.0
1026,1786023688-1026,DLF Limited Royal Villas,2 BHK Flat,2 BHK,9450000.0,94.5,1033.0,2,2,9148.0,Hebbal,Bangalore,East,DLF Limited,Ready To Move,Yes,West,Unfurnished,5670000.0,6142500.0,6615000.0,7087500.0,7560000.0,8032500.0,8505000.0,8977500.0,9261000.0
1027,1786023688-1027,Godrej Properties Grand Towers,3 BHK Flat,3 BHK,16080000.0,160.8,1637.0,3,3,9823.0,Yelahanka,Bangalore,South,Godrej Properties,Ready To Move,Yes,West,Semi-Furnished,9648000.0,10452000.0,11256000.0,12060000.0,12864000.0,13668000.0,14472000.0,15276000.0,15758400.0
1028,1786023688-1028,Sobha Limited Emerald Park,4 BHK Flat,4 BHK,14510000.0,145.1,1951.0,4,4,7437.0,Sarjapur Road,Bangalore,Central,Sobha Limited,Ready To Move,Yes,East,Unfurnished,8706000.0,9431500.0,10157000.0,10882500.0,11608000.0,12333500.0,13059000.0,13784500.0,14219800.0
1029,1786023688-1029,Oberoi Realty Serene Court,5 BHK Villa,5 BHK,21590000.0,215.9,2471.0,5,4,8737.0,Bellandur,Bangalore,West,Oberoi Realty,Ready To Move,Yes,East,Unfurnished,12954000.0,14033500.0,15113000.0,16192500.0,17272000.0,18351500.0,19431000.0,20510500.0,21158200.0
1030,1786023688-1030,Hiranandani Group Skyline Gardens,1 BHK Flat,1 BHK,5940000.0,59.4,600.0,1,1,9900.0,Thanisandra,Bangalore,South,Hiranandani Group,Under Construction,Yes,East,Unfurnished,3564000.0,3861000.0,4158000.0,4455000.0,4752000.0,5049000.0,5346000.0,5643000.0,5821200.0
1031,1786023688-1031,Lodha Group Imperia Haven,2 BHK Flat,2 BHK,11010000.0,110.1,1146.0,2,2,9607.0,Marathahalli,Bangalore,North,Lodha Group,Ready To Move,Yes,North,Fully-Furnished,6606000.0,7156500.0,7707000.0,8257500.0,8808000.0,9358500.0,9909000.0,10459500.0,10789800.0
1032,1786023688-1032,Aparna Constructions Elegance Enclave,3 BHK Flat,3 BHK,11680000.0,116.8,1458.0,3,3,8011.0,Jayanagar,Bangalore,East,Aparna Constructions,Under Construction,Yes,North,Fully-Furnished,7008000.0,7592000.0,8176000.0,8760000.0,9344000.0,9928000.0,10512000.0,11096000.0,11446400.0
1033,1786023688-1033,Brigade Group Urban Square,4 BHK Flat,4 BHK,13420000.0,134.2,1880.0,4,4,7138.0,Rajajinagar,Bangalore,South,Brigade Group,Ready To Move,Yes,East,Fully-Furnished,8052000.0,8723000.0,9394000.0,10065000.0,10736000.0,11407000.0,12078000.0,12749000.0,13151600.0
1034,1786023688-1034,Puravankara Central Plaza,5 BHK Villa,5 BHK,20360000.0,203.6,2375.0,5,4,8573.0,Banashankari,Bangalore,East,Puravankara,Under Construction,Yes,West,Fully-Furnished,12216000.0,13234000.0,14252000.0,15270000.0,16288000.0,17306000.0,18324000.0,19342000.0,19952800.0
1035,1786023688-1035,Rustomjee Valley Terraces,1 BHK Flat,1 BHK,3750000.0,37.5,507.0,1,1,7396.0,Malleshwaram,Bangalore,South,Rustomjee,Ready To Move,Yes,North-East,Unfurnished,2250000.0,2437500.0,2625000.0,2812500.0,3000000.0,3187500.0,3375000.0,3562500.0,3675000.0
1036,1786023688-1036,Tata Housing Heights Residences,2 BHK Flat,2 BHK,6810000.0,68.1,959.0,2,2,7101.0,Kaggadasapura,Bangalore,West,Tata Housing,Under Construction,Yes,North,Fully-Furnished,4086000.0,4426500.0,4767000.0,5107500.0,5448000.0,5788500.0,6129000.0,6469500.0,6673800.0
1037,1786023688-1037,Mahindra Lifespaces Palms Greens,3 BHK Flat,3 BHK,14990000.0,149.9,1588.0,3,3,9440.0,BTM Layout,Bangalore,North,Mahindra Lifespaces,Ready To Move,Yes,West,Fully-Furnished,8994000.0,9743500.0,10493000.0,11242500.0,11992000.0,12741500.0,13491000.0,14240500.0,14690200.0
1038,1786023688-1038,Casagrand Vista Estate,4 BHK Flat,4 BHK,16290000.0,162.9,2077.0,4,4,7843.0,JP Nagar,Bangalore,Central,Casagrand,Ready To Move,Yes,North,Semi-Furnished,9774000.0,10588500.0,11403000.0,12217500.0,13032000.0,13846500.0,14661000.0,15475500.0,15964200.0
1039,1786023688-1039,Kolte-Patil Avenue Heights,5 BHK Villa,5 BHK,22050000.0,220.5,2527.0,5,4,8726.0,C V Raman Nagar,Bangalore,West,Kolte-Patil,Under Construction,Yes,North,Fully-Furnished,13230000.0,14332500.0,15435000.0,16537500.0,17640000.0,18742500.0,19845000.0,20947500.0,21609000.0
1040,1786023688-1040,Piramal Realty Oasis Villas,1 BHK Flat,1 BHK,5740000.0,57.4,646.0,1,1,8885.0,Varthur,Bangalore,West,Piramal Realty,Ready To Move,Yes,West,Unfurnished,3444000.0,3731000.0,4018000.0,4305000.0,4592000.0,4879000.0,5166000.0,5453000.0,5625200.0
1041,1786023688-1041,Prestige Group Solitaire Towers,2 BHK Flat,2 BHK,10230000.0,102.3,1072.0,2,2,9543.0,Whitefield,Bangalore,South,Prestige Group,Under Construction,Yes,North,Unfurnished,6138000.0,6649500.0,7161000.0,7672500.0,8184000.0,8695500.0,9207000.0,9718500.0,10025400.0
1042,1786023688-1042,DLF Limited Signature Park,3 BHK Flat,3 BHK,11670000.0,116.7,1494.0,3,3,7811.0,Koramangala,Bangalore,East,DLF Limited,Under Construction,Yes,West,Unfurnished,7002000.0,7585500.0,8169000.0,8752500.0,9336000.0,9919500.0,10503000.0,11086500.0,11436600.0
1043,1786023688-1043,Godrej Properties Crown Court,4 BHK Flat,4 BHK,15400000.0,154.0,2032.0,4,4,7579.0,Indiranagar,Bangalore,North,Godrej Properties,Ready To Move,Yes,East,Fully-Furnished,9240000.0,10010000.0,10780000.0,11550000.0,12320000.0,13090000.0,13860000.0,14630000.0,15092000.0
1044,1786023688-1044,Sobha Limited Royal Gardens,5 BHK Villa,5 BHK,17390000.0,173.9,2537.0,5,4,6855.0,HSR Layout,Bangalore,North,Sobha Limited,Under Construction,Yes,West,Semi-Furnished,10434000.0,11303500.0,12173000.0,13042500.0,13912000.0,14781500.0,15651000.0,16520500.0,17042200.0
1045,1786023688-1045,Oberoi Realty Grand Haven,1 BHK Flat,1 BHK,4710000.0,47.1,552.0,1,1,8533.0,Electronic City,Bangalore,Central,Oberoi Realty,Under Construction,Yes,East,Fully-Furnished,2826000.0,3061500.0,3297000.0,3532500.0,3768000.0,4003500.0,4239000.0,4474500.0,4615800.0
1046,1786023688-1046,Hiranandani Group Emerald Enclave,2 BHK Flat,2 BHK,8210000.0,82.1,958.0,2,2,8570.0,Hebbal,Bangalore,North,Hiranandani Group,Ready To Move,Yes,North,Fully-Furnished,4926000.0,5336500.0,5747000.0,6157500.0,6568000.0,6978500.0,7389000.0,7799500.0,8045800.0
1047,1786023688-1047,Lodha Group Serene Square,3 BHK Flat,3 BHK,14300000.0,143.0,1496.0,3,3,9559.0,Yelahanka,Bangalore,Central,Lodha Group,Ready To Move,Yes,North,Unfurnished,8580000.0,9295000.0,10010000.0,10725000.0,11440000.0,12155000.0,12870000.0,13585000.0,14014000.0
1048,1786023688-1048,Aparna Constructions Skyline Plaza,4 BHK Flat,4 BHK,15250000.0,152.5,2035.0,4,4,7494.0,Sarjapur Road,Bangalore,Central,Aparna Constructions,Ready To Move,Yes,North,Unfurnished,9150000.0,9912500.0,10675000.0,11437500.0,12200000.0,12962500.0,13725000.0,14487500.0,14945000.0
1049,1786023688-1049,Brigade Group Imperia Terraces,5 BHK Villa,5 BHK,18150000.0,181.5,2387.0,5,4,7604.0,Bellandur,Bangalore,South,Brigade Group,Under Construction,Yes,East,Fully-Furnished,10890000.0,11797500.0,12705000.0,13612500.0,14520000.0,15427500.0,16335000.0,17242500.0,17787000.0
1050,1786023688-1050,Puravankara Elegance Residences,1 BHK Flat,1 BHK,5410000.0,54.1,651.0,1,1,8310.0,Thanisandra,Bangalore,West,Puravankara,Ready To Move,Yes,North-East,Unfurnished,3246000.0,3516500.0,3787000.0,4057500.0,4328000.0,4598500.0,4869000.0,5139500.0,5301800.0
1051,1786023688-1051,Rustomjee Urban Greens,2 BHK Flat,2 BHK,10310000.0,103.1,1111.0,2,2,9280.0,Marathahalli,Bangalore,Central,Rustomjee,Ready To Move,Yes,North,Unfurnished,6186000.0,6701500.0,7217000.0,7732500.0,8248000.0,8763500.0,9279000.0,9794500.0,10103800.0
1052,1786023688-1052,Tata Housing Central Estate,3 BHK Flat,3 BHK,13220000.0,132.2,1603.0,3,3,8247.0,Jayanagar,Bangalore,East,Tata Housing,Ready To Move,Yes,North-East,Semi-Furnished,7932000.0,8593000.0,9254000.0,9915000.0,10576000.0,11237000.0,11898000.0,12559000.0,12955600.0
1053,1786023688-1053,Mahindra Lifespaces Valley Heights,4 BHK Flat,4 BHK,14800000.0,148.0,1899.0,4,4,7794.0,Rajajinagar,Bangalore,South,Mahindra Lifespaces,Under Construction,Yes,East,Fully-Furnished,8880000.0,9620000.0,10360000.0,11100000.0,11840000.0,12580000.0,13320000.0,14060000.0,14504000.0
1054,1786023688-1054,Casagrand Heights Villas,5 BHK Villa,5 BHK,23480000.0,234.8,2542.0,5,4,9237.0,Banashankari,Bangalore,South,Casagrand,Under Construction,Yes,West,Semi-Furnished,14088000.0,15262000.0,16436000.0,17610000.0,18784000.0,19958000.0,21132000.0,22306000.0,23010400.0
1055,1786023688-1055,Kolte-Patil Palms Towers,1 BHK Flat,1 BHK,3770000.0,37.7,502.0,1,1,7510.0,Malleshwaram,Bangalore,North,Kolte-Patil,Under Construction,Yes,East,Unfurnished,2262000.0,2450500.0,2639000.0,2827500.0,3016000.0,3204500.0,3393000.0,3581500.0,3694600.0
1056,1786023688-1056,Piramal Realty Vista Park,2 BHK Flat,2 BHK,10280000.0,102.8,1057.0,2,2,9726.0,Kaggadasapura,Bangalore,West,Piramal Realty,Ready To Move,Yes,North-East,Unfurnished,6168000.0,6682000.0,7196000.0,7710000.0,8224000.0,8738000.0,9252000.0,9766000.0,10074400.0
1057,1786023688-1057,Prestige Group Avenue Court,3 BHK Flat,3 BHK,14020000.0,140.2,1407.0,3,3,9964.0,BTM Layout,Bangalore,Central,Prestige Group,Ready To Move,Yes,West,Unfurnished,8412000.0,9113000.0,9814000.0,10515000.0,11216000.0,11917000.0,12618000.0,13319000.0,13739600.0
1058,1786023688-1058,DLF Limited Oasis Gardens,4 BHK Flat,4 BHK,17300000.0,173.0,2094.0,4,4,8262.0,JP Nagar,Bangalore,South,DLF Limited,Ready To Move,Yes,East,Semi-Furnished,10380000.0,11245000.0,12110000.0,12975000.0,13840000.0,14705000.0,15570000.0,16435000.0,16954000.0
1059,1786023688-1059,Godrej Properties Solitaire Haven,5 BHK Villa,5 BHK,23620000.0,236.2,2506.0,5,4,9425.0,C V Raman Nagar,Bangalore,Central,Godrej Properties,Ready To Move,Yes,West,Semi-Furnished,14172000.0,15353000.0,16534000.0,17715000.0,18896000.0,20077000.0,21258000.0,22439000.0,23147600.0
1060,1786023688-1060,Sobha Limited Signature Enclave,1 BHK Flat,1 BHK,6720000.0,67.2,717.0,1,1,9372.0,Varthur,Bangalore,West,Sobha Limited,Ready To Move,Yes,West,Fully-Furnished,4032000.0,4368000.0,4704000.0,5040000.0,5376000.0,5712000.0,6048000.0,6384000.0,6585600.0
1061,1786023688-1061,Oberoi Realty Crown Square,2 BHK Flat,2 BHK,9330000.0,93.3,1136.0,2,2,8213.0,Whitefield,Bangalore,East,Oberoi Realty,Ready To Move,Yes,East,Fully-Furnished,5598000.0,6064500.0,6531000.0,6997500.0,7464000.0,7930500.0,8397000.0,8863500.0,9143400.0
1062,1786023688-1062,Hiranandani Group Royal Plaza,3 BHK Flat,3 BHK,15080000.0,150.8,1507.0,3,3,10007.0,Koramangala,Bangalore,West,Hiranandani Group,Ready To Move,Yes,East,Semi-Furnished,9048000.0,9802000.0,10556000.0,11310000.0,12064000.0,12818000.0,13572000.0,14326000.0,14778400.0
1063,1786023688-1063,Lodha Group Grand Terraces,4 BHK Flat,4 BHK,19350000.0,193.5,2022.0,4,4,9570.0,Indiranagar,Bangalore,East,Lodha Group,Under Construction,Yes,North-East,Unfurnished,11610000.0,12577500.0,13545000.0,14512500.0,15480000.0,16447500.0,17415000.0,18382500.0,18963000.0
1064,1786023688-1064,Aparna Constructions Emerald Residences,5 BHK Villa,5 BHK,19890000.0,198.9,2423.0,5,4,8209.0,HSR Layout,Bangalore,Central,Aparna Constructions,Under Construction,Yes,North-East,Unfurnished,11934000.0,12928500.0,13923000.0,14917500.0,15912000.0,16906500.0,17901000.0,18895500.0,19492200.0
1065,1786023688-1065,Brigade Group Serene Greens,1 BHK Flat,1 BHK,6930000.0,69.3,729.0,1,1,9506.0,Electronic City,Bangalore,South,Brigade Group,Ready To Move,Yes,East,Unfurnished,4158000.0,4504500.0,4851000.0,5197500.0,5544000.0,5890500.0,6237000.0,6583500.0,6791400.0
1066,1786023688-1066,Puravankara Skyline Estate,2 BHK Flat,2 BHK,8840000.0,88.4,1067.0,2,2,8285.0,Hebbal,Bangalore,North,Puravankara,Under Construction,Yes,North,Semi-Furnished,5304000.0,5746000.0,6188000.0,6630000.0,7072000.0,7514000.0,7956000.0,8398000.0,8663200.0
1067,1786023688-1067,Rustomjee Imperia Heights,3 BHK Flat,3 BHK,15530000.0,155.3,1550.0,3,3,10019.0,Yelahanka,Bangalore,Central,Rustomjee,Ready To Move,Yes,North-East,Semi-Furnished,9318000.0,10094500.0,10871000.0,11647500.0,12424000.0,13200500.0,13977000.0,14753500.0,15219400.0
1068,1786023688-1068,Tata Housing Elegance Villas,4 BHK Flat,4 BHK,14210000.0,142.1,1992.0,4,4,7134.0,Sarjapur Road,Bangalore,North,Tata Housing,Ready To Move,Yes,West,Unfurnished,8526000.0,9236500.0,9947000.0,10657500.0,11368000.0,12078500.0,12789000.0,13499500.0,13925800.0
1069,1786023688-1069,Mahindra Lifespaces Urban Towers,5 BHK Villa,5 BHK,20410000.0,204.1,2484.0,5,4,8217.0,Bellandur,Bangalore,Central,Mahindra Lifespaces,Under Construction,Yes,North-East,Fully-Furnished,12246000.0,13266500.0,14287000.0,15307500.0,16328000.0,17348500.0,18369000.0,19389500.0,20001800.0
1070,1786023688-1070,Casagrand Central Park,1 BHK Flat,1 BHK,5060000.0,50.6,653.0,1,1,7749.0,Thanisandra,Bangalore,East,Casagrand,Under Construction,Yes,West,Fully-Furnished,3036000.0,3289000.0,3542000.0,3795000.0,4048000.0,4301000.0,4554000.0,4807000.0,4958800.0
1071,1786023688-1071,Kolte-Patil Valley Court,2 BHK Flat,2 BHK,8740000.0,87.4,1200.0,2,2,7283.0,Marathahalli,Bangalore,South,Kolte-Patil,Under Construction,Yes,East,Semi-Furnished,5244000.0,5681000.0,6118000.0,6555000.0,6992000.0,7429000.0,7866000.0,8303000.0,8565200.0
1072,1786023688-1072,Piramal Realty Heights Gardens,3 BHK Flat,3 BHK,12810000.0,128.1,1487.0,3,3,8615.0,Jayanagar,Bangalore,North,Piramal Realty,Under Construction,Yes,North-East,Fully-Furnished,7686000.0,8326500.0,8967000.0,9607500.0,10248000.0,10888500.0,11529000.0,12169500.0,12553800.0
1073,1786023688-1073,Prestige Group Palms Haven,4 BHK Flat,4 BHK,18500000.0,185.0,2075.0,4,4,8916.0,Rajajinagar,Bangalore,East,Prestige Group,Ready To Move,Yes,North-East,Unfurnished,11100000.0,12025000.0,12950000.0,13875000.0,14800000.0,15725000.0,16650000.0,17575000.0,18130000.0
1074,1786023688-1074,DLF Limited Vista Enclave,5 BHK Villa,5 BHK,18930000.0,189.3,2530.0,5,4,7482.0,Banashankari,Bangalore,East,DLF Limited,Ready To Move,Yes,North-East,Semi-Furnished,11358000.0,12304500.0,13251000.0,14197500.0,15144000.0,16090500.0,17037000.0,17983500.0,18551400.0
1075,1786023688-1075,Godrej Properties Avenue Square,1 BHK Flat,1 BHK,4920000.0,49.2,592.0,1,1,8311.0,Malleshwaram,Bangalore,South,Godrej Properties,Under Construction,Yes,North,Unfurnished,2952000.0,3198000.0,3444000.0,3690000.0,3936000.0,4182000.0,4428000.0,4674000.0,4821600.0
1076,1786023688-1076,Sobha Limited Oasis Plaza,2 BHK Flat,2 BHK,8740000.0,87.4,978.0,2,2,8937.0,Kaggadasapura,Bangalore,Central,Sobha Limited,Under Construction,Yes,North,Unfurnished,5244000.0,5681000.0,6118000.0,6555000.0,6992000.0,7429000.0,7866000.0,8303000.0,8565200.0
1077,1786023688-1077,Oberoi Realty Solitaire Terraces,3 BHK Flat,3 BHK,14810000.0,148.1,1524.0,3,3,9718.0,BTM Layout,Bangalore,Central,Oberoi Realty,Ready To Move,Yes,North,Semi-Furnished,8886000.0,9626500.0,10367000.0,11107500.0,11848000.0,12588500.0,13329000.0,14069500.0,14513800.0
1078,1786023688-1078,Hiranandani Group Signature Residences,4 BHK Flat,4 BHK,13990000.0,139.9,1997.0,4,4,7006.0,JP Nagar,Bangalore,South,Hiranandani Group,Ready To Move,Yes,West,Fully-Furnished,8394000.0,9093500.0,9793000.0,10492500.0,11192000.0,11891500.0,12591000.0,13290500.0,13710200.0
1079,1786023688-1079,Lodha Group Crown Greens,5 BHK Villa,5 BHK,22090000.0,220.9,2503.0,5,4,8825.0,C V Raman Nagar,Bangalore,West,Lodha Group,Under Construction,Yes,West,Fully-Furnished,13254000.0,14358500.0,15463000.0,16567500.0,17672000.0,18776500.0,19881000.0,20985500.0,21648200.0
1080,1786023688-1080,Aparna Constructions Royal Estate,1 BHK Flat,1 BHK,4200000.0,42.0,537.0,1,1,7821.0,Varthur,Bangalore,Central,Aparna Constructions,Under Construction,Yes,North,Unfurnished,2520000.0,2730000.0,2940000.0,3150000.0,3360000.0,3570000.0,3780000.0,3990000.0,4116000.0
